item_id,platform,checked_on,available,status
1g4ej-VErlQ,youtube,2026-10-02,True,200
lcBDbaogtf8,youtube,2026-10-02,True,200
cyPGGncGAm4,youtube,2026-10-02,True,200
1Hef5OXHr5I,youtube,2026-10-02,True,200
LnocpjXtNRc,youtube,2026-10-02,True,200
hOBsDEOvwTQ,youtube,2026-10-02,True,200
_-AiYyX7Ptg,youtube,2026-10-02,True,200
7WUzP04jGHI,youtube,2026-10-02,True,200
7ANIoOroUEo,youtube,2026-10-02,True,200
Jjbk3CK0RBM,youtube,2026-10-02,True,200
2k5NPhoaxhk,youtube,2026-10-02,True,200
othoEuLuXSQ,youtube,2026-10-02,True,200
_3sI_PtkRTU,youtube,2026-10-02,True,200
pq6lh-AVC9M,youtube,2026-10-02,True,200
FrJTOGCcJOM,youtube,2026-10-02,True,200
OIjH8_mqueg,youtube,2026-10-02,True,200
DXVnCHOdi4M,youtube,2026-10-02,True,200
5L0K_jUeENI,youtube,2026-10-02,True,200
52k7XPktTE8,youtube,2026-10-02,True,200
zOPBI40ROqU,youtube,2026-10-02,True,200
rjlSq6TzLfs,youtube,2026-10-02,True,200
U2oQUmFE6v4,youtube,2026-10-02,True,200
iC9yTpDVeSY,youtube,2026-10-02,True,200
lBok4B9roa0,youtube,2026-10-02,True,200
ZsnaEybzIK4,youtube,2026-10-02,True,200
DbpJNSNa7XY,youtube,2026-10-02,True,200
TOG1umDJjKY,youtube,2026-10-02,True,200
StgvMIiW08s,youtube,2026-10-02,True,200
dIbkBl9pL-Y,youtube,2026-10-02,True,200
SaE2-2gfGiI,youtube,2026-10-02,True,200
YSF3z04l3WI,youtube,2026-10-02,True,200
7gxEFjYHDV4,youtube,2026-10-02,True,200
zdyYFts6lUE,youtube,2026-10-02,True,200
PEH2FtIkAus,youtube,2026-10-02,True,200
yX6PlQPfTdE,youtube,2026-10-02,True,200
V12fk5nanLE,youtube,2026-10-02,True,200
T274y0gePD0,youtube,2026-10-02,True,200
_MVFQjco3ns,youtube,2026-10-02,True,200
HKijKIGF9SE,youtube,2026-10-02,True,200
-vQEx3cpsI0,youtube,2026-10-02,True,200
W1D_TNnQSBc,youtube,2026-10-02,True,200
CU3o7a-FAE4,youtube,2026-10-02,True,200
zValxC-jzqA,youtube,2026-10-02,True,200
7PbZoKH12cA,youtube,2026-10-02,True,200
KVEO4Nx_TzY,youtube,2026-10-02,True,200
Tcdb9EqhGPo,youtube,2026-10-02,True,200
FTLToWzfeH4,youtube,2026-10-02,True,200
n9ZLmdByctc,youtube,2026-10-02,True,200
8zrmMNTOMHY,youtube,2026-10-02,True,200
wIOG1XX-YkY,youtube,2026-10-02,True,200
2p0Z-LSSoHw,youtube,2026-10-02,True,200
YMkSpavRdBE,youtube,2026-10-02,True,200
K_7JlabBnac,youtube,2026-10-02,True,200
LvSaSFANT7Q,youtube,2026-10-02,True,200
0ScZE0eqQ4s,youtube,2026-10-02,True,200
-iokiXPhoIM,youtube,2026-10-02,True,200
gb3DqTR84fM,youtube,2026-10-02,True,200
b02z2cEe4ng,youtube,2026-10-02,True,200
SmPQpZQP6B0,youtube,2026-10-02,True,200
yKVRMpfXsfM,youtube,2026-10-02,True,200
u2lTtBFX-hk,youtube,2026-10-02,True,200
rQXgHU1HdSY,youtube,2026-10-02,True,200
qRAQvCp4hxs,youtube,2026-10-02,True,200
Z7DTJxKWVtM,youtube,2026-10-02,True,200
Y8ObEeqS0jg,youtube,2026-10-02,True,200
8Ysw8xB__Mo,youtube,2026-10-02,True,200
4Rob1X6RdnQ,youtube,2026-10-02,True,200
33oUosoxL2I,youtube,2026-10-02,True,200
zGxgmKzzVtQ,youtube,2026-10-02,True,200
jUZEBYXkK-c,youtube,2026-10-02,True,200
1OmCeJB64f0,youtube,2026-10-02,True,200
HZz-B4dZUiM,youtube,2026-10-02,True,200
AT1lowVR8UY,youtube,2026-10-02,True,200
A3jsSBv0bTA,youtube,2026-10-02,True,200
mGGB36P2sIA,youtube,2026-10-02,True,200
E6IxSZJTg50,youtube,2026-10-02,True,200
0CNho28Ar18,youtube,2026-10-02,True,200
BF-cFn4DcyE,youtube,2026-10-02,True,200
iGGVf34N3wQ,youtube,2026-10-02,True,200
nv9Ykq9s_K0,youtube,2026-10-02,True,200
KDWpaeUbGGI,youtube,2026-10-02,True,200
1oFMne5Oqdk,youtube,2026-10-02,True,200
TITIMBYM4vI,youtube,2026-10-02,True,200
q6stz5L-ve4,youtube,2026-10-02,True,200
Q9MAzgqHrhY,youtube,2026-10-02,True,200
i11_N8kjt6s,youtube,2026-10-02,True,200
Ydep74YX0zQ,youtube,2026-10-02,True,200
lAtp0PZY3SA,youtube,2026-10-02,True,200
KMAQXHLEZcY,youtube,2026-10-02,True,200
eOq5gNh7irQ,youtube,2026-10-02,True,200
kutaqt1qmjI,youtube,2026-10-02,True,200
13c_Qkkv4vs,youtube,2026-10-02,True,200
KbaNc8UCkZo,youtube,2026-10-02,True,200
zeVlUL17NXc,youtube,2026-10-02,True,200
5ZbIgssct_8,youtube,2026-10-02,True,200
ek7JhOIacwc,youtube,2026-10-02,True,200
q5P86Jt6XMA,youtube,2026-10-02,True,200
NsGQtTxlIsw,youtube,2026-10-02,True,200
nHfssZrmYFM,youtube,2026-10-02,True,200
rrzuEQwOWE0,youtube,2026-10-02,True,200
tFB_I-gKGuY,youtube,2026-10-02,True,200
h3ALoKV6mlg,youtube,2026-10-02,True,200
PLziBckREhA,youtube,2026-10-02,True,200
uRPilTtZZRE,youtube,2026-10-02,True,200
tbalMg_ky7A,youtube,2026-10-02,True,200
FSb3FzbufBc,youtube,2026-10-02,True,200
ncta7lrwOYY,youtube,2026-10-02,True,200
w_Tm08XqP9E,youtube,2026-10-02,True,200
wP83AfHGH5c,youtube,2026-10-02,True,200
ypw84SPR-Ug,youtube,2026-10-02,True,200
9vmVEubrgJM,youtube,2026-10-02,True,200
O7R3dAryAcA,youtube,2026-10-02,True,200
2iBrbZjjSw8,youtube,2026-10-02,True,200
nxXbSC48XVw,youtube,2026-10-02,True,200
L0IC3ELtQIs,youtube,2026-10-02,True,200
5W3OGo182V0,youtube,2026-10-02,True,200
Ijq1hsCA5lI,youtube,2026-10-02,True,200
ANoml74LnnQ,youtube,2026-10-02,True,200
Md_DDGyAJxg,youtube,2026-10-02,True,200
L_CtWupDxDY,youtube,2026-10-02,True,200
lzs2IIV6yjQ,youtube,2026-10-02,True,200
dFHXHGD0Df0,youtube,2026-10-02,True,200
4p87lfkeLcg,youtube,2026-10-02,True,200
8D7tbBkuisk,youtube,2026-10-02,True,200
0mvTb2kX7W0,youtube,2026-10-02,True,200
eKXAhmob1Mg,youtube,2026-10-02,True,200
olFFh11z3Fk,youtube,2026-10-02,True,200
lBuYY_cn8Vo,youtube,2026-10-02,True,200
lAGz4EhGe3Q,youtube,2026-10-02,True,200
dpP2vB7SLxo,youtube,2026-10-02,True,200
FESI6lXIFsQ,youtube,2026-10-02,True,200
XAtSXTQTczE,youtube,2026-10-02,True,200
8l1yhALLo1c,youtube,2026-10-02,True,200
xnIrEnrZzeo,youtube,2026-10-02,True,200
8zOoTNcmKdE,youtube,2026-10-02,True,200
7zyWgK_bqlY,youtube,2026-10-02,True,200
8IXA7Ujc-TQ,youtube,2026-10-02,True,200
rRZBWlDuU7Q,youtube,2026-10-02,True,200
_UpnaSEKlqU,youtube,2026-10-02,True,200
J0uzr2CaCkA,youtube,2026-10-02,True,200
AnsPJiX6KW8,youtube,2026-10-02,True,200
yAvFMVVo49s,youtube,2026-10-02,True,200
p93ke4-XSrQ,youtube,2026-10-02,True,200
FahgEXth4Mo,youtube,2026-10-02,True,200
VTOm9Nef1hQ,youtube,2026-10-02,True,200
0gENsX3Nt-4,youtube,2026-10-02,True,200
OAS8V7pr15U,youtube,2026-10-02,True,200
rpDdNukM64Q,youtube,2026-10-02,True,200
-gvCbLpZKBQ,youtube,2026-10-02,True,200
FU8UXVrQDFc,youtube,2026-10-02,True,200
Nx-6vq3LNZo,youtube,2026-10-02,True,200
qc_kvoTVKHU,youtube,2026-10-02,True,200
hIxA5inYmYc,youtube,2026-10-02,True,200
IsOWrh5LofY,youtube,2026-10-02,True,200
xPPfLpMRyjA,youtube,2026-10-02,True,200
Olcf1aQqQMA,youtube,2026-10-02,True,200
7O_hCMuiNrI,youtube,2026-10-02,True,200
ucvwdvPxjzs,youtube,2026-10-02,True,200
WFDmGoqEF9s,youtube,2026-10-02,True,200
C6cln8f4WX8,youtube,2026-10-02,True,200
Q3VJKSpiAsw,youtube,2026-10-02,True,200
yWo3JwEpZ8A,youtube,2026-10-02,True,200
0Pn6HchMovo,youtube,2026-10-02,True,200
dVXakn52YUs,youtube,2026-10-02,True,200
PSZNZRyWsE8,youtube,2026-10-02,True,200
1y84y9nhOOU,youtube,2026-10-02,True,200
4nz0xy5KtFM,youtube,2026-10-02,True,200
WmgF16BlmJw,youtube,2026-10-02,True,200
2LnC97Eh7u8,youtube,2026-10-02,True,200
dWyZ7mjANfM,youtube,2026-10-02,True,200
kfOdG39CSHc,youtube,2026-10-02,True,200
zPq2gKbJBn4,youtube,2026-10-02,True,200
_paVphckc9A,youtube,2026-10-02,True,200
4qcmnqaO9z4,youtube,2026-10-02,True,200
uSN27yyrkCI,youtube,2026-10-02,True,200
rsAH1kLVLEE,youtube,2026-10-02,True,200
tnbM2gKiXQo,youtube,2026-10-02,True,200
ZrZEfe8Mh4s,youtube,2026-10-02,True,200
aueyg3cHMDk,youtube,2026-10-02,True,200
kKoWKgD0s5w,youtube,2026-10-02,True,200
Orl2WbccyM0,youtube,2026-10-02,True,200
ss8IRGB1pRU,youtube,2026-10-02,True,200
Tobw4tclFB8,youtube,2026-10-02,True,200
4yOCiE0oyjY,youtube,2026-10-02,True,200
1gE4yho_znQ,youtube,2026-10-02,True,200
zOEvy8Z-NQM,youtube,2026-10-02,True,200
NZbwiGfzEp0,youtube,2026-10-02,True,200
8V2Yv9EPfE4,youtube,2026-10-02,True,200
uidh7TkClhI,youtube,2026-10-02,True,200
2ydRrqbHOY8,youtube,2026-10-02,True,200
rz0-Qn8pV3M,youtube,2026-10-02,True,200
BY2UzpV_67M,youtube,2026-10-02,True,200
fMcewGlJEz8,youtube,2026-10-02,True,200
xOx_0pQKsUU,youtube,2026-10-02,True,200
v1FsdWrAvLo,youtube,2026-10-02,True,200
By334DK4svU,youtube,2026-10-02,True,200
Lby4rfR4MnA,youtube,2026-10-02,True,200
AJrkviaKPdo,youtube,2026-10-02,True,200
8x7cWRmIq_c,youtube,2026-10-02,True,200
U1tVdxbm8DI,youtube,2026-10-02,True,200
by1cl6VhGYs,youtube,2026-10-02,True,200
9cC410QXPgo,youtube,2026-10-02,True,200
nlzPk8P1PvE,youtube,2026-10-02,True,200
zB1ff5DqAHc,youtube,2026-10-02,True,200
ZdkUw2z7sAA,youtube,2026-10-02,True,200
tUuDj2_wWiU,youtube,2026-10-02,True,200
1ypImBsL_Ds,youtube,2026-10-02,True,200
GhQAoqnkpzM,youtube,2026-10-02,True,200
iM4W0CEZAqs,youtube,2026-10-02,True,200
2jZVPoNnNUg,youtube,2026-10-02,True,200
m_rjaSYqUKM,youtube,2026-10-02,True,200
OPJ1WTF2SDY,youtube,2026-10-02,True,200
MlmCTzYoG-A,youtube,2026-10-02,True,200
wq8r9j8GVHE,youtube,2026-10-02,True,200
iYwg8oM-yCE,youtube,2026-10-02,True,200
L9PGkNgT7-c,youtube,2026-10-02,True,200
iBw2JmuHH60,youtube,2026-10-02,True,200
Fc3-3vOyDdw,youtube,2026-10-02,True,200
-LdAjRYMWrg,youtube,2026-10-02,True,200
cq0qk9Wy0ns,youtube,2026-10-02,True,200
M50I2MtuCl4,youtube,2026-10-02,True,200
-O3sWvWdc8U,youtube,2026-10-02,True,200
Z2Kt9UShBZA,youtube,2026-10-02,True,200
zuecP79NphI,youtube,2026-10-02,True,200
J5X3JWcz3yc,youtube,2026-10-02,True,200
w4HbcixB-7o,youtube,2026-10-02,True,200
hcIgvxdRlIw,youtube,2026-10-02,True,200
O5gm8EkS9ws,youtube,2026-10-02,True,200
vGIHmg9VJAc,youtube,2026-10-02,True,200
BDUMaSSv2Wk,youtube,2026-10-02,True,200
9-7vupFx8p8,youtube,2026-10-02,True,200
AvdR356zizY,youtube,2026-10-02,True,200
mylPyi8efCU,youtube,2026-10-02,True,200
H09rVy6vKWg,youtube,2026-10-02,True,200
OR1XDKFKZIU,youtube,2026-10-02,True,200
UUPlv96R8Ug,youtube,2026-10-02,True,200
Cij77-BKgT4,youtube,2026-10-02,True,200
7ylXz05-HOM,youtube,2026-10-02,True,200
6YwMXhnAacY,youtube,2026-10-02,True,200
0bGs7DlCwOg,youtube,2026-10-02,True,200
NYY3fAlCIIg,youtube,2026-10-02,True,200
Qr0WT-3TiZ4,youtube,2026-10-02,True,200
jBC_Rx1IXkI,youtube,2026-10-02,True,200
VfZHbP-C9bs,youtube,2026-10-02,True,200
-OerjbkiY7c,youtube,2026-10-02,True,200
lk6J45dZwtE,youtube,2026-10-02,True,200
rhtkjb1_-IA,youtube,2026-10-02,True,200
Bq4txMD5F4A,youtube,2026-10-02,True,200
AJvMQCI9K6w,youtube,2026-10-02,True,200
RdaRiSswSao,youtube,2026-10-02,True,200
n4edNSCBVo4,youtube,2026-10-02,True,200
NKNiYVn-VP4,youtube,2026-10-02,True,200
MsVeR1mllq0,youtube,2026-10-02,True,200
eFRoS9tU6ek,youtube,2026-10-02,True,200
dAyGqcHrDJc,youtube,2026-10-02,True,200
5SjzwXvvZqE,youtube,2026-10-02,True,200
M1uV3wXUI6Y,youtube,2026-10-02,True,200
xPcc4AJpN88,youtube,2026-10-02,True,200
ftOoFea6_jc,youtube,2026-10-02,True,200
AMzX-KDWSbA,youtube,2026-10-02,True,200
gj1oNTTMTuk,youtube,2026-10-02,True,200
U0Qngjzl8Cs,youtube,2026-10-02,True,200
qDObl3MlNTo,youtube,2026-10-02,True,200
Sz8a0w8PlF4,youtube,2026-10-02,True,200
gxzupBxUj5Y,youtube,2026-10-02,True,200
MLATfV9BLPI,youtube,2026-10-02,True,200
aY14KFrayFw,youtube,2026-10-02,True,200
CsqtVIqLdfQ,youtube,2026-10-02,True,200
8o_yZfpN1P8,youtube,2026-10-02,True,200
ot2moOLWivA,youtube,2026-10-02,True,200
5bl2VTSDK9w,youtube,2026-10-02,True,200
WsqX0Zz1lHo,youtube,2026-10-02,True,200
EKzBFVYbrP8,youtube,2026-10-02,True,200
V2pIIRED1ho,youtube,2026-10-02,True,200
EKIdL8AKRbU,youtube,2026-10-02,True,200
6t1hlevt96Q,youtube,2026-10-02,True,200
kjXfHC9orrM,youtube,2026-10-02,True,200
2Zndyl4Bqfg,youtube,2026-10-02,True,200
xh8esX3Neyw,youtube,2026-10-02,True,200
F9kqLzE2D-o,youtube,2026-10-02,True,200
FkhMuoF-VIo,youtube,2026-10-02,True,200
N4G8QHDjtfI,youtube,2026-10-02,True,200
jlT0dTIoTrY,youtube,2026-10-02,True,200
yWo9FjUFq6g,youtube,2026-10-02,True,200
52PtFSzWYxk,youtube,2026-10-02,True,200
cD60Z2FGOgQ,youtube,2026-10-02,True,200
VScqK0NhleY,youtube,2026-10-02,True,200
WLseIb-dkbc,youtube,2026-10-02,True,200
GuE5wzCSBqQ,youtube,2026-10-02,True,200
CRuTdN8wW6g,youtube,2026-10-02,True,200
nM8yd5mhy48,youtube,2026-10-02,True,200
mr_C8PR2mC8,youtube,2026-10-02,True,200
94pRQwajjsE,youtube,2026-10-02,True,200
HV-pCL6YReQ,youtube,2026-10-02,True,200
2hpoFDj7tjE,youtube,2026-10-02,True,200
sIeDikm8DiI,youtube,2026-10-02,True,200
SWwAgfVtYRk,youtube,2026-10-02,True,200
UIQQnV2CfI0,youtube,2026-10-02,True,200
gP_MHf7QKvk,youtube,2026-10-02,True,200
1k9TZOd8ivQ,youtube,2026-10-02,True,200
wygWU8bxJ2Y,youtube,2026-10-02,True,200
0ysiHGvz2X0,youtube,2026-10-02,True,200
HhwBQMqQCVE,youtube,2026-10-02,True,200
Z-L9_m0tkPQ,youtube,2026-10-02,True,200
ftZdTrTUGbc,youtube,2026-10-02,True,200
WhL_Dw1_cR8,youtube,2026-10-02,True,200
QT39HoiStcw,youtube,2026-10-02,True,200
0tab4L1fE9A,youtube,2026-10-02,True,200
X5sIndwDEQc,youtube,2026-10-02,True,200
-h_UvfEjHN0,youtube,2026-10-02,True,200
Aw6Xi-lGMno,youtube,2026-10-02,True,200
_RrD4HHGvrU,youtube,2026-10-02,True,200
E_L3naWc6_0,youtube,2026-10-02,True,200
OPblXc1nYwA,youtube,2026-10-02,True,200
7TXFR_Cvryw,youtube,2026-10-02,True,200
0ubXXbE48pc,youtube,2026-10-02,True,200
ToAWzA7w2dE,youtube,2026-10-02,True,200
_WK2A-n-93Q,youtube,2026-10-02,True,200
3FilfLi9opI,youtube,2026-10-02,True,200
9TH4BhGFqvE,youtube,2026-10-02,True,200
pOjyGIKgFGU,youtube,2026-10-02,True,200
ekfwLIY9xAI,youtube,2026-10-02,True,200
zuP5bN2NnZM,youtube,2026-10-02,True,200
40AJUf8E-Fk,youtube,2026-10-02,True,200
RGSfVDILpyQ,youtube,2026-10-02,True,200
d4v-4QD-tHQ,youtube,2026-10-02,True,200
SM7DuHsV4nI,youtube,2026-10-02,True,200
0lD_dLxdu9I,youtube,2026-10-02,True,200
wHT8lIYxfJw,youtube,2026-10-02,True,200
Yavc2Zuh-lc,youtube,2026-10-02,True,200
zcxLM7VLNSA,youtube,2026-10-02,True,200
3foZSFe8QyA,youtube,2026-10-02,True,200
byhvICWMMfQ,youtube,2026-10-02,True,200
mFgFLUkOw00,youtube,2026-10-02,True,200
IqzboWeGius,youtube,2026-10-02,True,200
Fvq3ufHx0Kg,youtube,2026-10-02,True,200
oQxc_gJwXTk,youtube,2026-10-02,True,200
Z3OC9hNVbzA,youtube,2026-10-02,True,200
ZyOeDJ7USmQ,youtube,2026-10-02,True,200
WNH-d21FgX4,youtube,2026-10-02,True,200
a2WhZHavLA0,youtube,2026-10-02,True,200
LcXA95RnigM,youtube,2026-10-02,True,200
jw3tQwFRgCA,youtube,2026-10-02,True,200
8VJa8w3tkE8,youtube,2026-10-02,True,200
aoR6TD8tFGM,youtube,2026-10-02,True,200
fqtiBkLCKIA,youtube,2026-10-02,True,200
UDASvgM0A1g,youtube,2026-10-02,True,200
hrFlrlHT4ZA,youtube,2026-10-02,True,200
NGY5HIru7Bo,youtube,2026-10-02,True,200
1fSojWskbtM,youtube,2026-10-02,True,200
NaBZiGiy3Wo,youtube,2026-10-02,True,200
LhxqS1ju5bg,youtube,2026-10-02,True,200
MyTOAeEKgog,youtube,2026-10-02,True,200
XJ1sdYU2rU0,youtube,2026-10-02,True,200
Td-C28CdRuo,youtube,2026-10-02,True,200
D5bpPxPYXAw,youtube,2026-10-02,True,200
6e515bjubmc,youtube,2026-10-02,True,200
nE-sLijay0A,youtube,2026-10-02,True,200
jPJlt9VQdDg,youtube,2026-10-02,True,200
Xjq8utUuf2s,youtube,2026-10-02,True,200
bSx8xQmaNCc,youtube,2026-10-02,True,200
Z70PtcIQ1YI,youtube,2026-10-02,True,200
tb3ZwHwKcRM,youtube,2026-10-02,True,200
E3KLmaYnhAk,youtube,2026-10-02,True,200
ZSCJAMaLuUY,youtube,2026-10-02,True,200
wEPOUo67Rxw,youtube,2026-10-02,True,200
yKhy4vUTq3U,youtube,2026-10-02,True,200
KNBsle69H9Y,youtube,2026-10-02,True,200
yoPK17B4TyU,youtube,2026-10-02,True,200
5XfZIS7rdfQ,youtube,2026-10-02,True,200
QWtL4Ep3Hpk,youtube,2026-10-02,True,200
vKvjIOT2C9M,youtube,2026-10-02,True,200
K6VhJlESchM,youtube,2026-10-02,True,200
zfjhhsLbPaw,youtube,2026-10-02,True,200
2Whe3RFtxsw,youtube,2026-10-02,True,200
XIxzeMG2J4E,youtube,2026-10-02,True,200
vmEhCMKfPTA,youtube,2026-10-02,True,200
UaEpYiBj2LM,youtube,2026-10-02,True,200
QJrOHYQDWXY,youtube,2026-10-02,True,200
vvsup0_wXGo,youtube,2026-10-02,True,200
VgOqLTVknUY,youtube,2026-10-02,True,200
wFDN_waKpK4,youtube,2026-10-02,True,200
qhdiFYd6TxI,youtube,2026-10-02,True,200
6CA15Aszbgk,youtube,2026-10-02,True,200
8-7TPhDd4GE,youtube,2026-10-02,True,200
k1h_rBQe5bk,youtube,2026-10-02,True,200
pDhI6OWU8zs,youtube,2026-10-02,True,200
OQ2vNwJ9eTw,youtube,2026-10-02,True,200
Kvvy0eOsge8,youtube,2026-10-02,True,200
sS48VlpA9eI,youtube,2026-10-02,True,200
vPgVF2NMwOw,youtube,2026-10-02,True,200
WRCl1bp4pIo,youtube,2026-10-02,True,200
zvjsoWQGA0I,youtube,2026-10-02,True,200
tiICOkEMA3o,youtube,2026-10-02,True,200
dRh0WCJk-Ds,youtube,2026-10-02,True,200
mK9sGWsYx4A,youtube,2026-10-02,True,200
7nda7MODcZM,youtube,2026-10-02,True,200
CBWLjShyFTw,youtube,2026-10-02,True,200
lPIY7TStzdI,youtube,2026-10-02,True,200
gJ3xt0bM4y8,youtube,2026-10-02,True,200
WoOc55MqciY,youtube,2026-10-02,True,200
lxj7e6ilPB0,youtube,2026-10-02,True,200
mzLkgqIR2dE,youtube,2026-10-02,True,200
QTQKOQOVP-Y,youtube,2026-10-02,True,200
YI29-wTJmnA,youtube,2026-10-02,True,200
glEcIW82Rw0,youtube,2026-10-02,True,200
Ce2U9HNPxoQ,youtube,2026-10-02,True,200
PSVThcBBsLo,youtube,2026-10-02,True,200
wt2ZwCMt5HI,youtube,2026-10-02,True,200
gw19Y04P4s8,youtube,2026-10-02,True,200
wJCGuZtLXp8,youtube,2026-10-02,True,200
Tj3wSdZJFEs,youtube,2026-10-02,True,200
ki5x1qnxAf4,youtube,2026-10-02,True,200
uaYpQM8Y5U8,youtube,2026-10-02,True,200
-ymWYNEaQLM,youtube,2026-10-02,True,200
uJuiC3u3sJs,youtube,2026-10-02,True,200
jJWxEf5Psas,youtube,2026-10-02,True,200
IJX_dFfh-4U,youtube,2026-10-02,True,200
GjdYYhQ5Chc,youtube,2026-10-02,True,200
pDFx-_c9x6g,youtube,2026-10-02,True,200
E0KkIKsfcNE,youtube,2026-10-02,True,200
kKwd2UTpTzM,youtube,2026-10-02,True,200
Etwt-1wHFZE,youtube,2026-10-02,True,200
vyrCaHKKUZQ,youtube,2026-10-02,True,200
a7YXlcnn8Co,youtube,2026-10-02,True,200
SGx66fj3ngQ,youtube,2026-10-02,True,200
VMhwxMRZJGQ,youtube,2026-10-02,True,200
ILlNjy3d6Mo,youtube,2026-10-02,True,200
KX4YwtcEaAI,youtube,2026-10-02,True,200
OaZEUUBuRD0,youtube,2026-10-02,True,200
amM3MTqUMLE,youtube,2026-10-02,True,200
1-qNRG_Nl64,youtube,2026-10-02,True,200
yMQjYfuxtzo,youtube,2026-10-02,True,200
RTIv-JdLzZE,youtube,2026-10-02,True,200
we45DEB-1rg,youtube,2026-10-02,True,200
IFrNNx6EbD8,youtube,2026-10-02,True,200
VDygbqzcsIQ,youtube,2026-10-02,True,200
9hMlusxAYww,youtube,2026-10-02,True,200
a_t2af7L35k,youtube,2026-10-02,True,200
NWvJcOgwziQ,youtube,2026-10-02,True,200
P8svqjux5V4,youtube,2026-10-02,True,200
JyjpYFTdbvw,youtube,2026-10-02,True,200
V5-Ww-vpDRk,youtube,2026-10-02,True,200
b0kwMFUlS3M,youtube,2026-10-02,True,200
bC7UiyNa5nc,youtube,2026-10-02,True,200
mv62NBIHBac,youtube,2026-10-02,True,200
bvdRfN4PbZM,youtube,2026-10-02,True,200
x7qEZhdTtQw,youtube,2026-10-02,True,200
SBymLbSl6f4,youtube,2026-10-02,True,200
WDliawNO9ag,youtube,2026-10-02,True,200
a0Wr4ZSLlYE,youtube,2026-10-02,True,200
Gm2Zf73zs_U,youtube,2026-10-02,True,200
NMs55CqXVl8,youtube,2026-10-02,True,200
TmjAdqAkXkw,youtube,2026-10-02,True,200
CXFd0AUy4rU,youtube,2026-10-02,True,200
SwudG7NaXos,youtube,2026-10-02,True,200
xoG_iBVqNyA,youtube,2026-10-02,True,200
1q1-RaQLbow,youtube,2026-10-02,True,200
wC-BJrPkTPw,youtube,2026-10-02,True,200
qne7wMTeZls,youtube,2026-10-02,True,200
R9zOYNGYIyc,youtube,2026-10-02,True,200
TMkKLFFdBW4,youtube,2026-10-02,True,200
trX6KTdoTlY,youtube,2026-10-02,True,200
3L1gUNezwKw,youtube,2026-10-02,True,200
z2mOevMvQ4E,youtube,2026-10-02,True,200
D-0g9ZEDskw,youtube,2026-10-02,True,200
ZMq-pGFXlXI,youtube,2026-10-02,True,200
L7z9iLv93ig,youtube,2026-10-02,True,200
Uq0lmS_L8As,youtube,2026-10-02,True,200
ZrvNQTmeIYE,youtube,2026-10-02,True,200
oNEfgUbL2pA,youtube,2026-10-02,True,200
fN5SKkNiWsc,youtube,2026-10-02,True,200
-1XOiPn0xFw,youtube,2026-10-02,True,200
SljsPz-SRRI,youtube,2026-10-02,True,200
iiDdTjUzF_Y,youtube,2026-10-02,True,200
6So-4L-ikSs,youtube,2026-10-02,True,200
K--BxGgHnlk,youtube,2026-10-02,True,200
ujmD1UzUjOc,youtube,2026-10-02,True,200
9UrOQIk3L_0,youtube,2026-10-02,True,200
J2hoUe5JtwU,youtube,2026-10-02,True,200
VCXR7_eodRY,youtube,2026-10-02,True,200
GI4FngAG-Gs,youtube,2026-10-02,True,200
p-DXr5WjBrk,youtube,2026-10-02,True,200
w8mFxDlLLOM,youtube,2026-10-02,True,200
X4G_8BPPAqY,youtube,2026-10-02,True,200
RkrtYoWaTvw,youtube,2026-10-02,True,200
RML1QqR28gA,youtube,2026-10-02,True,200
Jfy4F0OWI10,youtube,2026-10-02,True,200
F5HyFMwB2fg,youtube,2026-10-02,True,200
SWK_lqyttXU,youtube,2026-10-02,True,200
mAxpsCADntE,youtube,2026-10-02,True,200
6lmxsCcOy3U,youtube,2026-10-02,True,200
ZTlAf7R7ncM,youtube,2026-10-02,True,200
0LUkAlyQUE0,youtube,2026-10-02,True,200
gP-qY8s7Pz4,youtube,2026-10-02,True,200
euxV2GFqqYU,youtube,2026-10-02,True,200
5H1SRIzr-Rc,youtube,2026-10-02,True,200
wUGaaaI7l3A,youtube,2026-10-02,True,200
lGDE5z2WrBc,youtube,2026-10-02,True,200
qgJRENoIm-U,youtube,2026-10-02,True,200
OLUJT-58Xt0,youtube,2026-10-02,True,200
ZA6P0UreVQg,youtube,2026-10-02,True,200
Ugxu8-jiiWA,youtube,2026-10-02,True,200
-LS2z9bp1Ls,youtube,2026-10-02,True,200
D4nsXCInLKg,youtube,2026-10-02,True,200
Rg2i1AHRdIs,youtube,2026-10-02,True,200
IWpLihBSXhA,youtube,2026-10-02,True,200
mYIpK0yZSrU,youtube,2026-10-02,True,200
VM1vybDLfig,youtube,2026-10-02,True,200
WpKagAEKEaI,youtube,2026-10-02,True,200
iApXLFL1LNE,youtube,2026-10-02,True,200
6twxZYYoJMg,youtube,2026-10-02,True,200
WfKvD29EuR4,youtube,2026-10-02,True,200
cz-0oyuzCHY,youtube,2026-10-02,True,200
HxVpIAAM2a4,youtube,2026-10-02,True,200
7Lq8gzNQrPA,youtube,2026-10-02,True,200
DkmzAsvoc6Y,youtube,2026-10-02,True,200
7pqOE21s7nQ,youtube,2026-10-02,True,200
vfKvSnj9Efs,youtube,2026-10-02,True,200
_RjQZvMSOUU,youtube,2026-10-02,True,200
4Bz5CHJddwQ,youtube,2026-10-02,True,200
Yyhl3tn2_U4,youtube,2026-10-02,True,200
9JO1RIlZCxM,youtube,2026-10-02,True,200
0e4Xp1y1Ynk,youtube,2026-10-02,True,200
Cj2tNK63-y0,youtube,2026-10-02,True,200
6biXCnF6mqQ,youtube,2026-10-02,True,200
UE0bMNgmn-E,youtube,2026-10-02,True,200
93QlBexLpPA,youtube,2026-10-02,True,200
qJ0Zv1YY7wg,youtube,2026-10-02,True,200
m6HbgBIK0kQ,youtube,2026-10-02,True,200
RbPH_fIu-40,youtube,2026-10-02,True,200
w21yogqt9w0,youtube,2026-10-02,True,200
IZdliTzVOEg,youtube,2026-10-02,True,200
vyjGJFQl1eY,youtube,2026-10-02,True,200
9FrIKg83reI,youtube,2026-10-02,True,200
scImgV-29cQ,youtube,2026-10-02,True,200
_DnkGQcxfKc,youtube,2026-10-02,True,200
up6N00CGhhI,youtube,2026-10-02,True,200
Gh8Tbr-7qLc,youtube,2026-10-02,True,200
yr4COm7u6ow,youtube,2026-10-02,True,200
xiLJCbgcuOM,youtube,2026-10-02,True,200
zRJ1kDHpmgE,youtube,2026-10-02,True,200
gXKAh0fUSN0,youtube,2026-10-02,True,200
NmvPTnbQb-Y,youtube,2026-10-02,True,200
wINEGZ6pdmc,youtube,2026-10-02,True,200
sW-P7Ho50mM,youtube,2026-10-02,True,200
JKa2pEP14Qw,youtube,2026-10-02,True,200
8vD5B3xnhGQ,youtube,2026-10-02,True,200
l0ucGq9v1SE,youtube,2026-10-02,True,200
DJd_MZTDTs4,youtube,2026-10-02,True,200
CBVGg9-twRU,youtube,2026-10-02,True,200
u3dZLHZq0IA,youtube,2026-10-02,True,200
aHDCg_n5oBQ,youtube,2026-10-02,True,200
yWLYxgwtEM4,youtube,2026-10-02,True,200
hS7qRgja0gk,youtube,2026-10-02,True,200
ZGVCHezmm2Q,youtube,2026-10-02,True,200
DXdpY9vn4IU,youtube,2026-10-02,True,200
pHqgt8FM-DM,youtube,2026-10-02,True,200
Nc2YtQNiRyM,youtube,2026-10-02,True,200
_GCS_Cxt8tg,youtube,2026-10-02,True,200
tf9-jE7spBg,youtube,2026-10-02,True,200
8CStXzhcV_s,youtube,2026-10-02,True,200
ZYBpysy5oqY,youtube,2026-10-02,True,200
-Z0Vvm-yy7w,youtube,2026-10-02,True,200
JyBupEVYRBI,youtube,2026-10-02,True,200
FPBEWCsDnE0,youtube,2026-10-02,True,200
vZU73xs3nQ0,youtube,2026-10-02,True,200
9RDYdUUxh8c,youtube,2026-10-02,True,200
874CV3skQsI,youtube,2026-10-02,True,200
9HG3knnbWn0,youtube,2026-10-02,True,200
qv_O-YnsUQ8,youtube,2026-10-02,True,200
sknMMCCCpYw,youtube,2026-10-02,True,200
pfzlivLiIWw,youtube,2026-10-02,True,200
k7dbkKi5f24,youtube,2026-10-02,True,200
wkxvUsNKbRc,youtube,2026-10-02,True,200
UI8mlidicrc,youtube,2026-10-02,True,200
hjFazw-Ipmc,youtube,2026-10-02,True,200
niUi-cWgmXQ,youtube,2026-10-02,True,200
ii8U3EOVo2M,youtube,2026-10-02,True,200
O-3nJURqHOQ,youtube,2026-10-02,True,200
r0Ji09N8wA4,youtube,2026-10-02,True,200
CoL1ASLucUY,youtube,2026-10-02,True,200
jQGqaK7SbZA,youtube,2026-10-02,True,200
0gTohrBCIXg,youtube,2026-10-02,True,200
l1wMhz6tq4M,youtube,2026-10-02,True,200
Zg_ZyZMe11M,youtube,2026-10-02,True,200
sbIizrbIam4,youtube,2026-10-02,True,200
qNT2xk_noYI,youtube,2026-10-02,True,200
rLDe2GVMvRg,youtube,2026-10-02,True,200
yC8iHRv_Nk0,youtube,2026-10-02,True,200
llB7nbQhDhY,youtube,2026-10-02,True,200
eqaiFiVHtFo,youtube,2026-10-02,True,200
14z4NLC8D4Y,youtube,2026-10-02,True,200
5EKOaxgl6zo,youtube,2026-10-02,True,200
AioJGv9xG5U,youtube,2026-10-02,True,200
PAWfmULFrnM,youtube,2026-10-02,True,200
qXvCnzz-Da4,youtube,2026-10-02,True,200
6vgd3X-WZrc,youtube,2026-10-02,True,200
Bu_KGdOKkHo,youtube,2026-10-02,True,200
xjC-ia-fFNc,youtube,2026-10-02,True,200
BV1PV411J7Lr,bilibili,2026-10-02,True,ok
BV1aZ4y1o7Ce,bilibili,2026-10-02,True,ok
BV13kfNYdEr1,bilibili,2026-10-02,True,ok
BV1wc41187df,bilibili,2026-10-02,True,ok
BV181QsBJEzv,bilibili,2026-10-02,True,ok
BV1mhWqzFEGA,bilibili,2026-10-02,True,ok
BV1KY411C7sL,bilibili,2026-10-02,True,ok
BV1Ho4y157Ss,bilibili,2026-10-02,True,ok
BV1f34y1W75o,bilibili,2026-10-02,True,ok
BV1He411r7Xp,bilibili,2026-10-02,True,ok
BV1kZ42117TN,bilibili,2026-10-02,True,ok
BV1Pi4y1W7Lk,bilibili,2026-10-02,True,ok
BV1Re41117az,bilibili,2026-10-02,True,ok
BV1nt42187b9,bilibili,2026-10-02,True,ok
BV19w411X7xm,bilibili,2026-10-02,True,ok
BV1wobYzsEYM,bilibili,2026-10-02,True,ok
BV1LxhD6jET4,bilibili,2026-10-02,True,ok
BV1pM4y1L7oL,bilibili,2026-10-02,True,ok
BV1Jb4y1m7xD,bilibili,2026-10-02,True,ok
BV1d3GReTEWm,bilibili,2026-10-02,True,ok
BV1K84y177oe,bilibili,2026-10-02,True,ok
BV1jopkz9EuC,bilibili,2026-10-02,True,ok
BV1nJ411m7ax,bilibili,2026-10-02,True,ok
BV12X4y1P7E9,bilibili,2026-10-02,True,ok
BV1Zu4m1c7EA,bilibili,2026-10-02,True,ok
BV1V44y1n7Pw,bilibili,2026-10-02,True,ok
BV1zu411P7s2,bilibili,2026-10-02,True,ok
BV1ewzTBkEZ9,bilibili,2026-10-02,True,ok
BV1kqYPzJEkF,bilibili,2026-10-02,True,ok
BV1ZK4y1p7Pr,bilibili,2026-10-02,True,ok
-bArGU6mqDw,youtube,2026-10-02,True,200
uAxIG4RjaPM,youtube,2026-10-02,True,200
1or6wbe2jpE,youtube,2026-10-02,True,200
7uL9Vy4wQZA,youtube,2026-10-02,True,200
Zy0Hc-Raw1E,youtube,2026-10-02,True,200
VY5sWgip25g,youtube,2026-10-02,True,200
BV1EP4y1Y7Wz,bilibili,2026-10-02,True,ok
BV1tCdmBREJf,bilibili,2026-10-02,True,ok
BV1ja411s7AM,bilibili,2026-10-02,True,ok
BV1bQ4y1X7qK,bilibili,2026-10-02,True,ok
BV1jP41167qF,bilibili,2026-10-02,True,ok
BV1ak4y1j7fn,bilibili,2026-10-02,True,ok
BV1K44y1H7tB,bilibili,2026-10-02,True,ok
BV1hBZSYVEkF,bilibili,2026-10-02,True,ok
BV1BP411877q,bilibili,2026-10-02,True,ok
BV1BKNbzzEnF,bilibili,2026-10-02,True,ok
BV11vfmYhEcX,bilibili,2026-10-02,True,ok
BV1M8hW6fEe5,bilibili,2026-10-02,True,ok
BV1qGrjBCEzX,bilibili,2026-10-02,True,ok
BV1mwarevEtK,bilibili,2026-10-02,True,ok
BV1ZxW5eREoE,bilibili,2026-10-02,True,ok
BV1WJ41127y7,bilibili,2026-10-02,True,ok
BV1gJ411B78V,bilibili,2026-10-02,True,ok
BV1o84y1T7i6,bilibili,2026-10-02,True,ok
BV1JJ411d7XM,bilibili,2026-10-02,True,ok
BV1PK4y1L7Bn,bilibili,2026-10-02,True,ok
BV1sh4y1F7HN,bilibili,2026-10-02,True,ok
BV16p4y1E7ek,bilibili,2026-10-02,True,ok
BV1op421R7i4,bilibili,2026-10-02,True,ok
BV1ULXvBCEpQ,bilibili,2026-10-02,True,ok
BV1VNzjBaEzQ,bilibili,2026-10-02,True,ok
BV1PG6TBfEaW,bilibili,2026-10-02,True,ok
BV1QwewzbEvy,bilibili,2026-10-02,True,ok
BV1uJ4m1e7XD,bilibili,2026-10-02,True,ok
BV14y4y1L7vz,bilibili,2026-10-02,True,ok
BV1be4y1a7U6,bilibili,2026-10-02,True,ok
BV1ud4y1n7zW,bilibili,2026-10-02,True,ok
BV1eq4y1m7zR,bilibili,2026-10-02,True,ok
BV1Uf4y1H7Sn,bilibili,2026-10-02,True,ok
BV1WL411H7Ea,bilibili,2026-10-02,True,ok
BV1wD4y1m7wu,bilibili,2026-10-02,True,ok
BV1pD4y1o7ke,bilibili,2026-10-02,True,ok
BV1jh4y1t7C9,bilibili,2026-10-02,True,ok
BV1cS421K7Zv,bilibili,2026-10-02,True,ok
BV1uv7sz7EAM,bilibili,2026-10-02,True,ok
BV1jg411K7uY,bilibili,2026-10-02,True,ok
BV1yw411o7YA,bilibili,2026-10-02,True,ok
BV1UEEE6mEWM,bilibili,2026-10-02,True,ok
BV1Q64y1a71D,bilibili,2026-10-02,True,ok
BV1pQ4y1Z7g8,bilibili,2026-10-02,True,ok
BV1ea411c7Le,bilibili,2026-10-02,True,ok
KOrxzOojF0I,youtube,2026-10-02,True,200
K9H5W1x89yI,youtube,2026-10-02,True,200
BV1gtsazDEAo,bilibili,2026-10-02,True,ok
BV1B3sazaEjJ,bilibili,2026-10-02,True,ok
BV18uNE6mEJt,bilibili,2026-10-02,True,ok
BV17LD9BzETw,bilibili,2026-10-02,True,ok
crem-51787,europeana,2026-10-02,True,200
crem-51788,europeana,2026-10-02,True,200
crem-51798,europeana,2026-10-02,True,200
crem-51881,europeana,2026-10-02,True,200
BV1Z5411s7n7,bilibili,2026-10-02,True,ok
BV1SU4y137c6,bilibili,2026-10-02,True,ok
BV1Fua36UEMC,bilibili,2026-10-02,True,ok
BV13M4y1S71h,bilibili,2026-10-02,True,ok
BV15R4y1u74U,bilibili,2026-10-02,True,ok
BV1yL8TznEZH,bilibili,2026-10-02,True,ok
BV1Z14y187LE,bilibili,2026-10-02,True,ok
BV1YvCqBKEWf,bilibili,2026-10-02,True,ok
BV1iq4y1L7e3,bilibili,2026-10-02,True,ok
BV1vv411p7T7,bilibili,2026-10-02,True,ok
BV1io4y1y7mg,bilibili,2026-10-02,True,ok
BV1Qo4y1y7Q4,bilibili,2026-10-02,True,ok
BV1HW4y1i7MZ,bilibili,2026-10-02,True,ok
BV1Gb411N73e,bilibili,2026-10-02,True,ok
BV1HL411w79X,bilibili,2026-10-02,True,ok
BV1yBqiYVEZd,bilibili,2026-10-02,True,ok
BV1zz4y1y7N8,bilibili,2026-10-02,True,ok
BV1Qu411p7h9,bilibili,2026-10-02,True,ok
BV1Usv6erEVG,bilibili,2026-10-02,True,ok
BV1jh4y1h7sv,bilibili,2026-10-02,True,ok
BV1T8411h7EL,bilibili,2026-10-02,True,ok
CMYJwrqV4mw,youtube,2026-10-02,True,200
RO5aMaIHVhk,youtube,2026-10-02,True,200
C7bL7EUAStI,youtube,2026-10-02,True,200
zYL-GUXg_u0,youtube,2026-10-02,True,200
FML0pbp2Dr0,youtube,2026-10-02,True,200
BV1SW4y1P7gK,bilibili,2026-10-02,True,ok
BV1Rh4y1v7su,bilibili,2026-10-02,True,ok
3UApF5yvpJg,youtube,2026-10-02,True,200
lsMJBbVrZKg,youtube,2026-10-02,True,200
Lr-M8ukNajE,youtube,2026-10-02,True,200
9VfcMqxg_ac,youtube,2026-10-02,True,200
isdefo-CUZ0,youtube,2026-10-02,True,200
BjgGFytUIWY,youtube,2026-10-02,True,200
wzMRO1RcQAI,youtube,2026-10-02,True,200
g7aiBLNsEkQ,youtube,2026-10-02,True,200
UxZxBYJ0Sho,youtube,2026-10-02,True,200
evJkORc9jjc,youtube,2026-10-02,True,200
WF-mp8EU1pE,youtube,2026-10-02,True,200
LPy3W5PL4VY,youtube,2026-10-02,True,200
vr6_i9t4iB0,youtube,2026-10-02,True,200
HAEw--j4mSg,youtube,2026-10-02,True,200
vTMz_eUdZ5E,youtube,2026-10-02,True,200
duNztWTPYTo,youtube,2026-10-02,True,200
m_uB6Cqxc1s,youtube,2026-10-02,True,200
pKdCknthn9M,youtube,2026-10-02,True,200
E1_huwLHS0w,youtube,2026-10-02,True,200
6llqTEjaRc0,youtube,2026-10-02,True,200
BV1gx4y1J7Kw,bilibili,2026-10-02,True,ok
BV1RwhaeSEjz,bilibili,2026-10-02,True,ok
BV1QMHKe7EYS,bilibili,2026-10-02,True,ok
BV1BoajeDEH2,bilibili,2026-10-02,True,ok
BV1z6QnYoEwt,bilibili,2026-10-02,True,ok
BV1ib421H7g5,bilibili,2026-10-02,True,ok
BV1Yq4y1X7jD,bilibili,2026-10-02,True,ok
BV1m9q5YXEf4,bilibili,2026-10-02,True,ok
BV1Eu3o6XES5,bilibili,2026-10-02,True,ok
BV11KD5BGEB6,bilibili,2026-10-02,True,ok
BV1xsYR6nEXf,bilibili,2026-10-02,True,ok
BV1K4XzBXEz6,bilibili,2026-10-02,True,ok
BV1wt9rB9ENy,bilibili,2026-10-02,True,ok
BV1nt421F7qU,bilibili,2026-10-02,True,ok
BV1gx42127zL,bilibili,2026-10-02,True,ok
BV1UyvTeUEK2,bilibili,2026-10-02,True,ok
BV1TX4y1t7jA,bilibili,2026-10-02,True,ok
BV1FM4y1K7ni,bilibili,2026-10-02,True,ok
BV1dy4y1j7s8,bilibili,2026-10-02,True,ok
BV1354y1r7vC,bilibili,2026-10-02,True,ok
BV1bf4y1i75F,bilibili,2026-10-02,True,ok
BV1RbnpzWEgL,bilibili,2026-10-02,True,ok
BV1zg4y1m7ED,bilibili,2026-10-02,True,ok
BV1mt4y1L7rq,bilibili,2026-10-02,True,ok
BV1vd4y1F7yT,bilibili,2026-10-02,True,ok
BV1Qe411m7kq,bilibili,2026-10-02,True,ok
BV16Gp2zgE9v,bilibili,2026-10-02,True,ok
BV1yH4y157zo,bilibili,2026-10-02,True,ok
BV12D4y1y7tv,bilibili,2026-10-02,True,ok
BV1XBaK6pEfW,bilibili,2026-10-02,True,ok
BV1E14y137Kt,bilibili,2026-10-02,True,ok
BV1AP4y1k7F7,bilibili,2026-10-02,True,ok
BV1pZ421871t,bilibili,2026-10-02,True,ok
BV1xG411E7pM,bilibili,2026-10-02,True,ok
8fhmn5aQbHw,youtube,2026-10-02,True,200
AH3om7QKdpg,youtube,2026-10-02,True,200
vMHoPfn1-HE,youtube,2026-10-02,True,200
xs8phIBPQzY,youtube,2026-10-02,True,200
tefkapNh2xQ,youtube,2026-10-02,True,200
BV1cV41157TQ,bilibili,2026-10-02,True,ok
BV1ms5j6cEFh,bilibili,2026-10-02,True,ok
PaOKuQxhDcQ,youtube,2026-10-02,True,200
2edEW5NhoJc,youtube,2026-10-02,True,200
KcoJHiSD8pc,youtube,2026-10-02,True,200
y2ZxQqyH4kU,youtube,2026-10-02,True,200
R7C1tufYNHg,youtube,2026-10-02,True,200
crem-44710,europeana,2026-10-02,True,200
crem-44711,europeana,2026-10-02,True,200
crem-45137,europeana,2026-10-02,True,200
crem-47686,europeana,2026-10-02,True,200
BV1ZM2mBLEso,bilibili,2026-10-02,True,ok
BV1F3mxBZEdQ,bilibili,2026-10-02,True,ok
BV1RSmKBFEj4,bilibili,2026-10-02,True,ok
BV15G4y127i8,bilibili,2026-10-02,True,ok
BV1WH4y137Hc,bilibili,2026-10-02,True,ok
BV1i9h5zhEzL,bilibili,2026-10-02,True,ok
BV1fs421M7RB,bilibili,2026-10-02,True,ok
BV1E24y1h7BP,bilibili,2026-10-02,True,ok
BV1DR4y1r7w5,bilibili,2026-10-02,True,ok
BV1pG4y1R7VR,bilibili,2026-10-02,True,ok
BV1WC4y1E7zq,bilibili,2026-10-02,True,ok
BV1G441117QY,bilibili,2026-10-02,True,ok
BV11g411X7DG,bilibili,2026-10-02,True,ok
BV16i4y1N7xY,bilibili,2026-10-02,True,ok
BV1FL411x7x5,bilibili,2026-10-02,True,ok
BV1VoVW6bEpL,bilibili,2026-10-02,True,ok
BV1iJmxBHEUs,bilibili,2026-10-02,True,ok
BV11182zAEtU,bilibili,2026-10-02,True,ok
BV1Vdi5eEEqj,bilibili,2026-10-02,True,ok
BV1Cz4y1j7Zx,bilibili,2026-10-02,True,ok
BV1kkhx6tERf,bilibili,2026-10-02,True,ok
BV1cfVR6bEWy,bilibili,2026-10-02,True,ok
BV1oA4y1S7zo,bilibili,2026-10-02,True,ok
BV1De411N7Lg,bilibili,2026-10-02,True,ok
BV17wLmzHEtT,bilibili,2026-10-02,True,ok
BV1Xe411K7g8,bilibili,2026-10-02,True,ok
BV1dT411T73c,bilibili,2026-10-02,True,ok
BV1Nuf2Y8EKT,bilibili,2026-10-02,True,ok
BV1bTgP6nEtB,bilibili,2026-10-02,True,ok
BV1yG4y1T7Xt,bilibili,2026-10-02,True,ok
BV1jr4y1w7KV,bilibili,2026-10-02,True,ok
BV13ibpeUER3,bilibili,2026-10-02,True,ok
BV13ibpeUEpt,bilibili,2026-10-02,True,ok
BV1BJ411R7dC,bilibili,2026-10-02,True,ok
NgV-1Q4dsHI,youtube,2026-10-02,True,200
2WNCaCidyUU,youtube,2026-10-02,True,200
BV1Kt4y1H7ir,bilibili,2026-10-02,True,ok
BV1eV4y1w7yJ,bilibili,2026-10-02,True,ok
BV1eDtLewEUj,bilibili,2026-10-02,True,ok
BV1PZ4y1575w,bilibili,2026-10-02,True,ok
BV1H24y1T7kC,bilibili,2026-10-02,True,ok
BV1XT411f7w9,bilibili,2026-10-02,True,ok
BV1hcLjzDEZg,bilibili,2026-10-02,True,ok
BV1qkAfeFEfD,bilibili,2026-10-02,True,ok
BV1dPhJ6FE2Z,bilibili,2026-10-02,True,ok
BV1fqFNzaESP,bilibili,2026-10-02,True,ok
BV1ob41127aU,bilibili,2026-10-02,True,ok
BV1Hq4y137mD,bilibili,2026-10-02,True,ok
BV1aD4y1F7b6,bilibili,2026-10-02,True,ok
BV1Ce411G7FR,bilibili,2026-10-02,True,ok
BV1tS4y1Q7z8,bilibili,2026-10-02,True,ok
BV1Uf4y177hA,bilibili,2026-10-02,True,ok
BV1Zw411o7kf,bilibili,2026-10-02,True,ok
BV1wM4y1V7qn,bilibili,2026-10-02,True,ok
BV16W4y177ew,bilibili,2026-10-02,True,ok
BV1ppYheNED5,bilibili,2026-10-02,True,ok
BV1FF411b723,bilibili,2026-10-02,True,ok
BV1xb411i7sg,bilibili,2026-10-02,True,ok
BV1iNaQeVEFp,bilibili,2026-10-02,True,ok
BV1Vr421n7N1,bilibili,2026-10-02,True,ok
BV1fi421e7gN,bilibili,2026-10-02,True,ok
BV1Br421T7vF,bilibili,2026-10-02,True,ok
BV1bAyGYvEZ8,bilibili,2026-10-02,True,ok
BV14m411R7EM,bilibili,2026-10-02,True,ok
BV1HX4y167SB,bilibili,2026-10-02,True,ok
BV1Ee41157nq,bilibili,2026-10-02,True,ok
BV1UL4y1q7jt,bilibili,2026-10-02,True,ok
BV1HH4y1M7HY,bilibili,2026-10-02,True,ok
BV1ia4y1S7w2,bilibili,2026-10-02,True,ok
BV16YcdeQEHK,bilibili,2026-10-02,True,ok
BV1EW41117RY,bilibili,2026-10-02,True,ok
BV1gb411A7GY,bilibili,2026-10-02,True,ok
BV1UW41137q1,bilibili,2026-10-02,True,ok
BV1Jup9zxEiQ,bilibili,2026-10-02,True,ok
BV1pK411g7Zs,bilibili,2026-10-02,True,ok
BV1To4y1q7Yj,bilibili,2026-10-02,True,ok
BV1TY4y1R7Eo,bilibili,2026-10-02,True,ok
BV1Umen68E13,bilibili,2026-10-02,True,ok
BV16FqCYpEVR,bilibili,2026-10-02,True,ok
BV1g2fLBVEKw,bilibili,2026-10-02,True,ok
BV1kkJH6QEDi,bilibili,2026-10-02,True,ok
BV1YZ4y1T7KM,bilibili,2026-10-02,True,ok
BV1EC411J78B,bilibili,2026-10-02,True,ok
BV1Pi421Y7xL,bilibili,2026-10-02,True,ok
BV1xH4LzBEBL,bilibili,2026-10-02,True,ok
BV1Nb421q7Zz,bilibili,2026-10-02,True,ok
BV1nYxkerEKx,bilibili,2026-10-02,True,ok
BV1vtHae8E2t,bilibili,2026-10-02,True,ok
BV1g94y1x7WD,bilibili,2026-10-02,True,ok
BV1Qa4y1G7A9,bilibili,2026-10-02,True,ok
BV1no4y1S7uw,bilibili,2026-10-02,True,ok
BV1ma4y1z7nC,bilibili,2026-10-02,True,ok
BV17i4y1s7VJ,bilibili,2026-10-02,True,ok
BV1eFhs6ME4g,bilibili,2026-10-02,True,ok
BV1ZYj16NEmC,bilibili,2026-10-02,True,ok
BV19t421j7PJ,bilibili,2026-10-02,True,ok
BV1Vb4y1u7xg,bilibili,2026-10-02,True,ok
BV16c41117Ev,bilibili,2026-10-02,True,ok
BV1ZF411N7Ro,bilibili,2026-10-02,True,ok
BV1coQ8B7EGY,bilibili,2026-10-02,True,ok
BV1WC4y1F7cE,bilibili,2026-10-02,True,ok
BV1rC4y1R7kg,bilibili,2026-10-02,True,ok
BV1Co4y1H7cL,bilibili,2026-10-02,True,ok
BV1Pc411s7VZ,bilibili,2026-10-02,True,ok
BV1x4411r7Yu,bilibili,2026-10-02,True,ok
BV1e4411r7gJ,bilibili,2026-10-02,True,ok
BV1fJ411E7T1,bilibili,2026-10-02,True,ok
BV1ve411J7ao,bilibili,2026-10-02,True,ok
BV1ws4y1c7E8,bilibili,2026-10-02,True,ok
BV1Q778zPEyf,bilibili,2026-10-02,True,ok
BV1AvcAe6Eo6,bilibili,2026-10-02,True,ok
BV1SVApeVEDs,bilibili,2026-10-02,True,ok
BV1o44y1U73L,bilibili,2026-10-02,True,ok
BV1Pp4y1J7RM,bilibili,2026-10-02,True,ok
BV1fp4y1E7Gw,bilibili,2026-10-02,True,ok
BV1ZQ4y187xX,bilibili,2026-10-02,True,ok
BV1C44y1X7Cw,bilibili,2026-10-02,True,ok
BV15AgcziEK4,bilibili,2026-10-02,True,ok
BV1CavAzDEiF,bilibili,2026-10-02,True,ok
BV1unALexEMe,bilibili,2026-10-02,True,ok
BV1gj421R7Q9,bilibili,2026-10-02,True,ok
BV1i7HNepEyH,bilibili,2026-10-02,True,ok
BV1nSeKeYEUU,bilibili,2026-10-02,True,ok
BV1HP411b75k,bilibili,2026-10-02,True,ok
BV1mv4y147Pu,bilibili,2026-10-02,True,ok
BV1Wi4y1g7xA,bilibili,2026-10-02,True,ok
BV1WhV2zRE2C,bilibili,2026-10-02,True,ok
BV1794y1E7QG,bilibili,2026-10-02,True,ok
BV1Q44y1872L,bilibili,2026-10-02,True,ok
BV12t4y187pi,bilibili,2026-10-02,True,ok
BV1ad4y1f7MT,bilibili,2026-10-02,True,ok
BV1Z3411s7Yf,bilibili,2026-10-02,True,ok
BV1ob4y1b7Fp,bilibili,2026-10-02,True,ok
BV1Ux411a7g9,bilibili,2026-10-02,True,ok
BV1d7411v7M8,bilibili,2026-10-02,True,ok
BV1ZJ411E7Xy,bilibili,2026-10-02,True,ok
BV1aj411A7C5,bilibili,2026-10-02,True,ok
nOrEskUecC8,youtube,2026-10-02,True,200
m3WEKHBF_5c,youtube,2026-10-02,True,200
BV1Ap4y1S7nA,bilibili,2026-10-02,True,ok
BV1niAZzREQD,bilibili,2026-10-02,True,ok
BV1RaAzeNEnf,bilibili,2026-10-02,True,ok
BV1JJ411R7wf,bilibili,2026-10-02,True,ok
BV1VJ411e77K,bilibili,2026-10-02,True,ok
BV1kP2zYqEzD,bilibili,2026-10-02,True,ok
BV1H24y1Z7u1,bilibili,2026-10-02,True,ok
BV1aa411u7AG,bilibili,2026-10-02,True,ok
BV1NW41197R6,bilibili,2026-10-02,True,ok
BV1ZbzsYqEgF,bilibili,2026-10-02,True,ok
BV1C1cnedEp9,bilibili,2026-10-02,True,ok
BV1T7iXBEEes,bilibili,2026-10-02,True,ok
BV1wi4y177Jx,bilibili,2026-10-02,True,ok
BV1os411T7gU,bilibili,2026-10-02,True,ok
BV1hx411o7Ea,bilibili,2026-10-02,True,ok
BV1QvoaYtE1k,bilibili,2026-10-02,True,ok
BV1wa411m7ze,bilibili,2026-10-02,True,ok
BV1cr421x7KT,bilibili,2026-10-02,True,ok
BV1Ps4y1x7iT,bilibili,2026-10-02,True,ok
BV1UV411g7Aj,bilibili,2026-10-02,True,ok
BV1N14y1d7J5,bilibili,2026-10-02,True,ok
BV1eh411371y,bilibili,2026-10-02,True,ok
BV1KG4y1g7iz,bilibili,2026-10-02,True,ok
BV1s8g7ekE3J,bilibili,2026-10-02,True,ok
BV16e4y1y72Q,bilibili,2026-10-02,True,ok
BV1sbDAYEEz5,bilibili,2026-10-02,True,ok
BV1fe4y127gN,bilibili,2026-10-02,True,ok
BV1r94y157no,bilibili,2026-10-02,True,ok
BV1QTrTY2EAF,bilibili,2026-10-02,True,ok
BV1kz4y1U7f7,bilibili,2026-10-02,True,ok
BV1wb4y1R7y6,bilibili,2026-10-02,True,ok
BV1tskEBTEGr,bilibili,2026-10-02,True,ok
BV1vG4y1q7ee,bilibili,2026-10-02,True,ok
BV1qx421r7cQ,bilibili,2026-10-02,True,ok
BV1jK4y1Q7Df,bilibili,2026-10-02,True,ok
BV1Hu4y1B7ce,bilibili,2026-10-02,True,ok
BV1E3411z7w3,bilibili,2026-10-02,True,ok
BV1F7NZ61EtZ,bilibili,2026-10-02,True,ok
BV1Atvcz2EaD,bilibili,2026-10-02,True,ok
BV1rD4y167Qo,bilibili,2026-10-02,True,ok
BV1FH4y1n7vP,bilibili,2026-10-02,True,ok
BV17xgw68EMR,bilibili,2026-10-02,True,ok
BV1rmW6eiEZB,bilibili,2026-10-02,True,ok
BV1DDjKz8Edt,bilibili,2026-10-02,True,ok
BV1aC4y1t7NN,bilibili,2026-10-02,True,ok
BV1N94y1a7Kv,bilibili,2026-10-02,True,ok
BV1ZP4y137e1,bilibili,2026-10-02,True,ok
BV17H4y1W754,bilibili,2026-10-02,True,ok
BV1BU4y1H7B2,bilibili,2026-10-02,True,ok
BV1pU4y157Cz,bilibili,2026-10-02,True,ok
BV1cJ411U7Gq,bilibili,2026-10-02,True,ok
BV1Jv41137iV,bilibili,2026-10-02,True,ok
BV1q24y1u7ZQ,bilibili,2026-10-02,True,ok
BV1LV411P779,bilibili,2026-10-02,True,ok
BV1Za411o7yX,bilibili,2026-10-02,True,ok
BV19d4y1A7Yk,bilibili,2026-10-02,True,ok
BV14p4y1A7jM,bilibili,2026-10-02,True,ok
BV1gt411z7BC,bilibili,2026-10-02,True,ok
BV1nK421e7Lw,bilibili,2026-10-02,True,ok
BV1iw411j7XA,bilibili,2026-10-02,True,ok
BV1ub4y1q7cw,bilibili,2026-10-02,True,ok
BV1oM4m1r7aw,bilibili,2026-10-02,True,ok
4r9pmdksEtI,youtube,2026-10-02,True,200
8ggYwo5j2_g,youtube,2026-10-02,True,200
3_gWzsnQWew,youtube,2026-10-02,True,200
l7w8oyKHwHo,youtube,2026-10-02,True,200
x-pQBOZMBvw,youtube,2026-10-02,True,200
diY66Cuzc7s,youtube,2026-10-02,True,200
BV1VZ4y1r7L7,bilibili,2026-10-02,True,ok
BV1Sb4y1W7wp,bilibili,2026-10-02,True,ok
BV1bU4y1f71X,bilibili,2026-10-02,True,ok
BV1Ca411h7rJ,bilibili,2026-10-02,True,ok
BV1wF411W7Kc,bilibili,2026-10-02,True,ok
BV1Qa4y1o7Jh,bilibili,2026-10-02,True,ok
BV1oC4y1F75v,bilibili,2026-10-02,True,ok
BV1ybWpedEhM,bilibili,2026-10-02,True,ok
BV1mC4y1k7pk,bilibili,2026-10-02,True,ok
BV1hy4y1C7AA,bilibili,2026-10-02,True,ok
BV1D8AYeGE1n,bilibili,2026-10-02,True,ok
BV1T8411h7jh,bilibili,2026-10-02,True,ok
BV1L3411y7AZ,bilibili,2026-10-02,True,ok
BV1GP411U7tU,bilibili,2026-10-02,True,ok
BV1bw411U7fK,bilibili,2026-10-02,True,ok
BV1nL4y1v7Pw,bilibili,2026-10-02,True,ok
BV1YU4y1w7mU,bilibili,2026-10-02,True,ok
BV1Pu4y1c7vo,bilibili,2026-10-02,True,ok
BV1pa411F7K7,bilibili,2026-10-02,True,ok
RuThMFU6sTM,youtube,2026-10-02,True,200
siBrDhsDmC8,youtube,2026-10-02,True,200
BA2BRC_JEL4,youtube,2026-10-02,True,200
HiY69VgyufQ,youtube,2026-10-02,True,200
SfjG5NVUCY8,youtube,2026-10-02,True,200
MO_5HMrMjCE,youtube,2026-10-02,True,200
8mcwkyLg67g,youtube,2026-10-02,True,200
BbXWe0lO9rw,youtube,2026-10-02,True,200
BV17o4y1L7zU,bilibili,2026-10-02,True,ok
BV1mh411j72C,bilibili,2026-10-02,True,ok
BV1PM411G7hX,bilibili,2026-10-02,True,ok
BV16m4y1y7oj,bilibili,2026-10-02,True,ok
BV1gkkyBDEXw,bilibili,2026-10-02,True,ok
BV1mf4y1L76B,bilibili,2026-10-02,True,ok
BV1pN4y167JP,bilibili,2026-10-02,True,ok
BV1nyPszPERM,bilibili,2026-10-02,True,ok
BV1FwSRB5EMt,bilibili,2026-10-02,True,ok
BV12CTs6vELr,bilibili,2026-10-02,True,ok
BV1aVub6bEtQ,bilibili,2026-10-02,True,ok
BV1ydbH6LE5w,bilibili,2026-10-02,True,ok
BV1NY4y1f7TT,bilibili,2026-10-02,True,ok
BV17sDLYzECK,bilibili,2026-10-02,True,ok
BV1cAaRzQE1X,bilibili,2026-10-02,True,ok
BV1mF411m7H7,bilibili,2026-10-02,True,ok
BV1x7421R7XS,bilibili,2026-10-02,True,ok
BV1RW4y197Qj,bilibili,2026-10-02,True,ok
BV1fM4y1L7av,bilibili,2026-10-02,True,ok
BV14M4m1Q7oP,bilibili,2026-10-02,True,ok
BV1URARevEkY,bilibili,2026-10-02,True,ok
BV1Ku4m1u7MU,bilibili,2026-10-02,True,ok
BV1MgrTYyEj7,bilibili,2026-10-02,True,ok
BV1XNuo6BEeF,bilibili,2026-10-02,True,ok
BV1oMp4z3Eu2,bilibili,2026-10-02,True,ok
BV128411H737,bilibili,2026-10-02,True,ok
BV1Vd4y1k7di,bilibili,2026-10-02,True,ok
BV1wG4y187pi,bilibili,2026-10-02,True,ok
BV1pK411G7sp,bilibili,2026-10-02,True,ok
BV1Du411U7iY,bilibili,2026-10-02,True,ok
BV1nxPPejE7X,bilibili,2026-10-02,True,ok
BV1ac411T7eh,bilibili,2026-10-02,True,ok
BV1io4y157Hu,bilibili,2026-10-02,True,ok
BV1FcNQzGEkM,bilibili,2026-10-02,True,ok
BV1PTYk65E3g,bilibili,2026-10-02,True,ok
BV1UyxmeBE1p,bilibili,2026-10-02,True,ok
BV1pF411m7Rd,bilibili,2026-10-02,True,ok
he6aw0qHHfI,youtube,2026-10-02,True,200
JKfzzivkqI4,youtube,2026-10-02,True,200
5UAiRIvwAUQ,youtube,2026-10-02,True,200
sK7YRmbOWXs,youtube,2026-10-02,True,200
2ZmaYfJVN3o,youtube,2026-10-02,True,200
GZiKdIB69Pg,youtube,2026-10-02,True,200
8qMAGJymy8A,youtube,2026-10-02,True,200
X_l6_3XthCQ,youtube,2026-10-02,True,200
Ph5M_6Jo2nk,youtube,2026-10-02,True,200
WAtddkDUipA,youtube,2026-10-02,True,200
BV17K4y1Y7r7,bilibili,2026-10-02,True,ok
BV1Rw411w7Ng,bilibili,2026-10-02,True,ok
BV124JJzNE1x,bilibili,2026-10-02,True,ok
BV1Fa4y1B7fi,bilibili,2026-10-02,True,ok
BV1iwaA6nE4i,bilibili,2026-10-02,True,ok
BV15eyGY5E71,bilibili,2026-10-02,True,ok
BV1CBxze6E46,bilibili,2026-10-02,True,ok
BV1gD4y1g7Rv,bilibili,2026-10-02,True,ok
BV1Xk4y1U7Hd,bilibili,2026-10-02,True,ok
BV14N411N7GB,bilibili,2026-10-02,True,ok
BV14JQ8YAE4x,bilibili,2026-10-02,True,ok
BV15PtyziEpZ,bilibili,2026-10-02,True,ok
BV1V24y1s7K8,bilibili,2026-10-02,True,ok
BV1bJ411G7BJ,bilibili,2026-10-02,True,ok
BV1kb4y1X7Eb,bilibili,2026-10-02,True,ok
BV1764y1V7fP,bilibili,2026-10-02,True,ok
BV1BE8PeGEF2,bilibili,2026-10-02,True,ok
BV19M411E768,bilibili,2026-10-02,True,ok
BV1524y1A7ow,bilibili,2026-10-02,True,ok
BV1Js411N73V,bilibili,2026-10-02,True,ok
BV1wL4y1V7jZ,bilibili,2026-10-02,True,ok
BV1Ev411i76A,bilibili,2026-10-02,True,ok
BV1HN41137sP,bilibili,2026-10-02,True,ok
BV1LG411C74p,bilibili,2026-10-02,True,ok
NMoHREJmoow,youtube,2026-10-02,True,200
tGwA4p3Bawc,youtube,2026-10-02,True,200
WpDGHwABIuw,youtube,2026-10-02,True,200
BV1EE411d7i7,bilibili,2026-10-02,True,ok
BV1EE411d7zX,bilibili,2026-10-02,True,ok
BV1u44y1X7dr,bilibili,2026-10-02,True,ok
BV1HT41197KG,bilibili,2026-10-02,True,ok
BV1ur4y1w7FJ,bilibili,2026-10-02,True,ok
BV1D54y167mq,bilibili,2026-10-02,True,ok
BV1fzwTejEWV,bilibili,2026-10-02,True,ok
BV1STfmBFEX3,bilibili,2026-10-02,True,ok
BV1eq421c7md,bilibili,2026-10-02,True,ok
BV1kh4y1p7K2,bilibili,2026-10-02,True,ok
BV1SVYyemETi,bilibili,2026-10-02,True,ok
BV1HZtNemEmE,bilibili,2026-10-02,True,ok
BV1Df4y1m71B,bilibili,2026-10-02,True,ok
BV1uK421C7FR,bilibili,2026-10-02,True,ok
BV1En4y1d73v,bilibili,2026-10-02,True,ok
BV1JP7z6RE7g,bilibili,2026-10-02,True,ok
BV1ux411R7GD,bilibili,2026-10-02,True,ok
BV1KV41177JN,bilibili,2026-10-02,True,ok
BV1NwxHzQEQ3,bilibili,2026-10-02,True,ok
BV1MWvSePEMs,bilibili,2026-10-02,True,ok
BV1VL4y137La,bilibili,2026-10-02,True,ok
BV1JZ4y1N7xS,bilibili,2026-10-02,True,ok
BV1mU4y1v7Ew,bilibili,2026-10-02,True,ok
BV1yXdtYiEeX,bilibili,2026-10-02,True,ok
BV1qz421h7oR,bilibili,2026-10-02,True,ok
BV1pzHFzGEZi,bilibili,2026-10-02,True,ok
BV1Fv411T7k3,bilibili,2026-10-02,True,ok
BV1nFtUzREGb,bilibili,2026-10-02,True,ok
BV1Df4y1K7de,bilibili,2026-10-02,True,ok
BV1HyXpBKEo1,bilibili,2026-10-02,True,ok
BV1WK411T7fX,bilibili,2026-10-02,True,ok
BV1odgD6AEMw,bilibili,2026-10-02,True,ok
BV19ngN68Ew6,bilibili,2026-10-02,True,ok
BV1AV4y137Au,bilibili,2026-10-02,True,ok
BV1NLGuz7E7F,bilibili,2026-10-02,True,ok
BV1Yc1pY6E2M,bilibili,2026-10-02,True,ok
BV1S5AeeGEnU,bilibili,2026-10-02,True,ok
BV1z6dmYjEm9,bilibili,2026-10-02,True,ok
BV1Nx4y1C7TL,bilibili,2026-10-02,True,ok
BV1dg41177is,bilibili,2026-10-02,True,ok
BV15V411Q7Jw,bilibili,2026-10-02,True,ok
BV1Sz4y1w7Vj,bilibili,2026-10-02,True,ok
BV1au4y1g7A7,bilibili,2026-10-02,True,ok
BV1qV41177De,bilibili,2026-10-02,True,ok
BV14p4y1L7G6,bilibili,2026-10-02,True,ok
BV1T5411Y7Xi,bilibili,2026-10-02,True,ok
BV1kv411B7Lx,bilibili,2026-10-02,True,ok
BV1Bb41137mv,bilibili,2026-10-02,True,ok
BV1Dc411d7rY,bilibili,2026-10-02,True,ok
BV16z42197wc,bilibili,2026-10-02,True,ok
BV1WSeq6PEoV,bilibili,2026-10-02,True,ok
BV1J1g56NEuy,bilibili,2026-10-02,True,ok
BV1Gbbf68EoH,bilibili,2026-10-02,True,ok
BV1Pv411r7q6,bilibili,2026-10-02,True,ok
BV1gj411i763,bilibili,2026-10-02,True,ok
BV1JbEDz3EiS,bilibili,2026-10-02,True,ok
BV1B4421Q7Po,bilibili,2026-10-02,True,ok
BV1CWxMeSEUg,bilibili,2026-10-02,True,ok
BV1JY411s7yE,bilibili,2026-10-02,True,ok
BV1WQHCeCE3T,bilibili,2026-10-02,True,ok
BV1PP411d7HP,bilibili,2026-10-02,True,ok
BV1Y9UsY9Em3,bilibili,2026-10-02,True,ok
BV1zi4y1a7Uz,bilibili,2026-10-02,True,ok
BV1Vy4y1s7iN,bilibili,2026-10-02,True,ok
BV1fe411E7N1,bilibili,2026-10-02,True,ok
BV1J24y157Vg,bilibili,2026-10-02,True,ok
BV1Bs4y1F7Q1,bilibili,2026-10-02,True,ok
BV1ug4y1g73p,bilibili,2026-10-02,True,ok
BV1yN411k74H,bilibili,2026-10-02,True,ok
BV1te4y1m7cZ,bilibili,2026-10-02,True,ok
BV1EE411x71b,bilibili,2026-10-02,True,ok
BV1Nb4y1g7GD,bilibili,2026-10-02,True,ok
BV1ktK9zsE4Y,bilibili,2026-10-02,True,ok
BV1B8411S74T,bilibili,2026-10-02,True,ok
BV1Qf421B7Wk,bilibili,2026-10-02,True,ok
BV1MLSbYFEmN,bilibili,2026-10-02,True,ok
BV1PyhheAEF9,bilibili,2026-10-02,True,ok
BV1PkhheeECC,bilibili,2026-10-02,True,ok
BV11ybaePEfu,bilibili,2026-10-02,True,ok
BV1ezbSehEXf,bilibili,2026-10-02,True,ok
BV1ai4y1b7Nb,bilibili,2026-10-02,True,ok
BV1MxYo6tEaT,bilibili,2026-10-02,True,ok
BV13z4y197nT,bilibili,2026-10-02,True,ok
BV1Aa4y1Q7aC,bilibili,2026-10-02,True,ok
BV1pu4y1J7Cg,bilibili,2026-10-02,True,ok
BV1wc411o7uy,bilibili,2026-10-02,True,ok
BV1Mz4y1K71u,bilibili,2026-10-02,True,ok
BV1VAa4eBEQS,bilibili,2026-10-02,True,ok
BV1gt4y1k7rc,bilibili,2026-10-02,True,ok
BV1qC4y1Q7Uu,bilibili,2026-10-02,True,ok
BV1Ef4y1W7if,bilibili,2026-10-02,True,ok
BV1Kr4y1M76R,bilibili,2026-10-02,True,ok
BV1s5rPB9Enn,bilibili,2026-10-02,True,ok
BV1U441177v2,bilibili,2026-10-02,True,ok
BV1kSPTe4Etc,bilibili,2026-10-02,True,ok
BV1C541137Bs,bilibili,2026-10-02,True,ok
BV1jJ411x7tY,bilibili,2026-10-02,True,ok
BV16pULBYEB7,bilibili,2026-10-02,True,ok
BV15p411o7Nn,bilibili,2026-10-02,True,ok
BV1VK8sznEHT,bilibili,2026-10-02,True,ok
BV1Fq4y1f72k,bilibili,2026-10-02,True,ok
BV1nv411w7Zk,bilibili,2026-10-02,True,ok
BV1aU4y1c7ag,bilibili,2026-10-02,True,ok
BV1ySVozpELS,bilibili,2026-10-02,True,ok
BV1cq4y117iP,bilibili,2026-10-02,True,ok
BV1Tq4y1f77S,bilibili,2026-10-02,True,ok
BV1cc411V7F5,bilibili,2026-10-02,True,ok
AcwiJmaKTEg,youtube,2026-10-02,True,200
BV1vv421i7Ln,bilibili,2026-10-02,True,ok
BV13g411z7qb,bilibili,2026-10-02,True,ok
BV12vhW6sEgc,bilibili,2026-10-02,True,ok
BV1SthW6FEDG,bilibili,2026-10-02,True,ok
BV1AqXrB9EgR,bilibili,2026-10-02,True,ok
BV1T5kwYhECy,bilibili,2026-10-02,True,ok
BV1vYDDB8EnR,bilibili,2026-10-02,True,ok
BV1LLpuePEPo,bilibili,2026-10-02,True,ok
BV1HB4y127Sj,bilibili,2026-10-02,True,ok
BV1Ta4y1x78b,bilibili,2026-10-02,True,ok
BV1WK411f7ZP,bilibili,2026-10-02,True,ok
aHmPfSDSgNk,youtube,2026-10-02,True,200
BV1CYat6KEDn,bilibili,2026-10-02,True,ok
BV18h4y1S78d,bilibili,2026-10-02,True,ok
BV1Ao4y137yB,bilibili,2026-10-02,True,ok
BV18z4y1N78h,bilibili,2026-10-02,True,ok
BV1qN411673T,bilibili,2026-10-02,True,ok
BV12Y4y1x7ch,bilibili,2026-10-02,True,ok
BV1vF411G7vR,bilibili,2026-10-02,True,ok
BV13h4y197vS,bilibili,2026-10-02,True,ok
BV144Vd6uErb,bilibili,2026-10-02,True,ok
BV1U94y1c7qw,bilibili,2026-10-02,True,ok
BV1EB4y1V7qU,bilibili,2026-10-02,True,ok
BV1PjYNzXEWp,bilibili,2026-10-02,True,ok
BV1roLxzPEY8,bilibili,2026-10-02,True,ok
BV1xG411s752,bilibili,2026-10-02,True,ok
BV1D34y1i7bL,bilibili,2026-10-02,True,ok
BV1im411S7Tx,bilibili,2026-10-02,True,ok
BV1LX4y1s7Vh,bilibili,2026-10-02,True,ok
BV1XaZBYmE3n,bilibili,2026-10-02,True,ok
BV1nBaq69E7S,bilibili,2026-10-02,True,ok
BV1yK7mzvEFV,bilibili,2026-10-02,True,ok
BV1W54y1e7Ce,bilibili,2026-10-02,True,ok
BV1ZDj5zaEeJ,bilibili,2026-10-02,True,ok
BV1as411e7A4,bilibili,2026-10-02,True,ok
t5A1wlMGSFU,youtube,2026-10-02,True,200
22PQqVwUEn4,youtube,2026-10-02,True,200
4XfOrwVVY40,youtube,2026-10-02,True,200
BV1Hf4y117GJ,bilibili,2026-10-02,True,ok
BV1eP4y1274A,bilibili,2026-10-02,True,ok
BV1TfBoY5EXh,bilibili,2026-10-02,True,ok
BV1sb411d7uJ,bilibili,2026-10-02,True,ok
BV1Eb4y1z7gX,bilibili,2026-10-02,True,ok
FVB_Xt5WMhw,youtube,2026-10-02,True,200
4R8c_dYyJoU,youtube,2026-10-02,True,200
BV1XE411k7Eu,bilibili,2026-10-02,True,ok
yj7ef7CXU1k,youtube,2026-10-02,True,200
scSdm0532g8,youtube,2026-10-02,True,200
HUtaMBKPe8k,youtube,2026-10-02,True,200
UNBa71eF2FY,youtube,2026-10-02,True,200
68EBYwkAn7M,youtube,2026-10-02,True,200
jApO6uBlbI8,youtube,2026-10-02,True,200
KIzCrzhRrvw,youtube,2026-10-02,True,200
0lkbr2xy6RI,youtube,2026-10-02,True,200
OpGnv0iews0,youtube,2026-10-02,True,200
9EIZTo5aD-U,youtube,2026-10-02,True,200
UtqwgZwnwUM,youtube,2026-10-02,True,200
O3oUpSxOj1o,youtube,2026-10-02,True,200
CSk3Fw3OVgw,youtube,2026-10-02,True,200
EVtZ8PRSybw,youtube,2026-10-02,True,200
_hYrjXrWvVM,youtube,2026-10-02,True,200
ikEXoI-kR80,youtube,2026-10-02,True,200
zV78rkRASUk,youtube,2026-10-02,True,200
xiZj1s5MVws,youtube,2026-10-02,True,200
P1tWx38HKFM,youtube,2026-10-02,True,200
xhkYVGd0fm8,youtube,2026-10-02,True,200
T5ySIx6ehgM,youtube,2026-10-02,True,200
0B3mwlp9vO4,youtube,2026-10-02,True,200
GUBJu22ZidU,youtube,2026-10-02,True,200
RVVhbobR8d0,youtube,2026-10-02,True,200
sMP6vMOFKlM,youtube,2026-10-02,True,200
mC4tzuph_a8,youtube,2026-10-02,True,200
HWYAkrPkyYE,youtube,2026-10-02,True,200
QWaAR0R1Huk,youtube,2026-10-02,True,200
RpcfUlBoN4M,youtube,2026-10-02,True,200
BV1ZCh96hEhE,bilibili,2026-10-02,True,ok
BV1qG2SBnE6t,bilibili,2026-10-02,True,ok
BV18q4y197fX,bilibili,2026-10-02,True,ok
BV1LT4y1A7v9,bilibili,2026-10-02,True,ok
BV1qo4y1b7hy,bilibili,2026-10-02,True,ok
BV1SzgizZEXt,bilibili,2026-10-02,True,ok
mLCJXslk9eg,youtube,2026-10-02,True,200
BV17a411W7Dr,bilibili,2026-10-02,True,ok
BV1dJ4m1p7TV,bilibili,2026-10-02,True,ok
NPkSI2URKzI,youtube,2026-10-02,True,200
vp8IMukAoBE,youtube,2026-10-02,True,200
6PxNQxedEuE,youtube,2026-10-02,True,200
65_iaEHwfI8,youtube,2026-10-02,True,200
FwF-iPBozNw,youtube,2026-10-02,True,200
VmufesoOYaM,youtube,2026-10-02,True,200
6PtJjqISKHs,youtube,2026-10-02,True,200
BV11o4y1d7vY,bilibili,2026-10-02,True,ok
