item_id,platform,url,region,region_en,region_code,province,county_or_area,ethnic_group,genre,performance_type,feature_flags,curation_note,title,channel,channel_key,upload_date,duration_s,download_status,transcription_status
4AQYdbhRMrw,youtube,https://www.youtube.com/watch?v=4AQYdbhRMrw,北方草原文化民歌区,Northern Steppe,NS,内蒙古,,蒙古,蒙古长调,原生态,series:musical_map_of_china,Golden Holy Mountain; long song,Chinese Mongolian Long Tune Folk Song - Golden Holy Mountain 蒙古长调 《金色圣山》 中国音乐地图 听见内蒙古 瑞鸣音乐 Rhymoi,Musical Map of China 中国音乐地图.瑞鸣音乐 Rhymoi Music,youtube:UCN19zbpNCX9lrbKreffuSAQ,20211108,168,ok,pending
gz7tBOs9xnI,youtube,https://www.youtube.com/watch?v=gz7tBOs9xnI,北方草原文化民歌区,Northern Steppe,NS,内蒙古,,蒙古,蒙古长调,原生态,series:musical_map_of_china,The Vast Grasslands; long song,Chinese Mongolian Long Tune Folk Song -The Vast Grasslands 蒙古长调 《辽阔的草原》 中国音乐地图 听见内蒙古  Rhymoi Music,Musical Map of China 中国音乐地图.瑞鸣音乐 Rhymoi Music,youtube:UCN19zbpNCX9lrbKreffuSAQ,20211108,165,ok,pending
PzOo2uNXvr4,youtube,https://www.youtube.com/watch?v=PzOo2uNXvr4,北方草原文化民歌区,Northern Steppe,NS,内蒙古,,蒙古,蒙古长调,原生态,series:musical_map_of_china,The Distant Mirage; long song,Chinese Mongolian Long Tune Folk Song - The Distant Mirage  蒙古长调 《远方的蜃潮》 中国音乐地图 听见内蒙古 瑞鸣音乐 Rhymoi,Musical Map of China 中国音乐地图.瑞鸣音乐 Rhymoi Music,youtube:UCN19zbpNCX9lrbKreffuSAQ,20211107,169,ok,pending
EGZ2HVzQVmA,youtube,https://www.youtube.com/watch?v=EGZ2HVzQVmA,北方草原文化民歌区,Northern Steppe,NS,吉林,科尔沁,蒙古,科尔沁叙事民歌,原生态,series:musical_map_of_china,Horqin narrative song; series lists it under 听见吉林,Mongolian Horqin Narrative Folk Songs - Jinzhu Erma | 蒙古族科尔沁叙事民歌《金珠尔玛》中国音乐地图 听见吉林 瑞鸣音乐 Rhymoi Music,Musical Map of China 中国音乐地图.瑞鸣音乐 Rhymoi Music,youtube:UCN19zbpNCX9lrbKreffuSAQ,20241207,364,ok,pending
JrM3AAbd7YM,youtube,https://www.youtube.com/watch?v=JrM3AAbd7YM,北方草原文化民歌区,Northern Steppe,NS,内蒙古,科尔沁,蒙古,胡仁乌力格尔,other,accompanied,Khorchin huren uliger; uploader channel unverified,科尔沁民歌：胡仁乌力格尔,hkeq,youtube:UCO2uO29qIJqYNc8ldaZckuQ,20081121,324,ok,pending
ImApOEkUXf4,youtube,https://www.youtube.com/watch?v=ImApOEkUXf4,北方草原文化民歌区,Northern Steppe,NS,内蒙古,,蒙古,器乐,instrumental,series:musical_map_of_china;instrumental;instrument:潮尔,Gada Meiren on chaor fiddle,Chinese Mongolian Ethnicity  Folk Music - Gada-Mairen 蒙古族民间乐曲 潮尔《嘎达梅林》中国音乐地图 听见内蒙古 瑞鸣音乐 Rhymoi Music,Musical Map of China 中国音乐地图.瑞鸣音乐 Rhymoi Music,youtube:UCN19zbpNCX9lrbKreffuSAQ,20211119,230,ok,pending
cqN3lkd9woY,youtube,https://www.youtube.com/watch?v=cqN3lkd9woY,北方草原文化民歌区,Northern Steppe,NS,内蒙古,,蒙古,器乐,instrumental,series:musical_map_of_china;instrumental;instrument:火不思,Loving-kindness on huobusi lute,Chinese Mongolian Ethnicity Folk Music - Loving-kindness   蒙古族民间音乐 火不思《恩情 . 阿其图》中国音乐地图 听见内蒙古 瑞鸣音乐,Musical Map of China 中国音乐地图.瑞鸣音乐 Rhymoi Music,youtube:UCN19zbpNCX9lrbKreffuSAQ,20211226,280,ok,pending
zW5Z9Iv99DA,youtube,https://www.youtube.com/watch?v=zW5Z9Iv99DA,北方草原文化民歌区,Northern Steppe,NS,内蒙古,,蒙古,器乐,instrumental,series:musical_map_of_china;instrumental;instrument:马头琴,Yun Liang on morin khuur,Chinese Mongolian Ethnicity Morinhuur Folk Music - Yun Liang 蒙古族民间乐曲 马头琴《云良》中国音乐地图 听见内蒙古 瑞鸣音乐 Rhymoi,Musical Map of China 中国音乐地图.瑞鸣音乐 Rhymoi Music,youtube:UCN19zbpNCX9lrbKreffuSAQ,20211119,197,ok,pending
CtVgE_iP694,youtube,https://www.youtube.com/watch?v=CtVgE_iP694,北方草原文化民歌区,Northern Steppe,NS,,,蒙古,蒙古长调,other,documentary,UNESCO film on urtiin duu (joint China/Mongolia listing); filming location not stated,Urtiin Duu - Traditional Folk Long Song,UNESCO,youtube:UCkD7gm3Am3M3k156lk46t3A,20090928,248,ok,pending
hV8EJOvvPvY,youtube,https://www.youtube.com/watch?v=hV8EJOvvPvY,北方草原文化民歌区,Northern Steppe,NS,,,蒙古,呼麦,other,documentary;filmed_in_mongolia,UNESCO film on khoomei; filmed in Mongolia (the country),The Mongolian traditional art of Khöömei,UNESCO,youtube:UCkD7gm3Am3M3k156lk46t3A,20101202,601,ok,pending
Sh73S0piXyA,youtube,https://www.youtube.com/watch?v=Sh73S0piXyA,北方草原文化民歌区,Northern Steppe,NS,,,蒙古,器乐,instrumental,documentary;filmed_in_mongolia;instrumental;instrument:潮林笛,UNESCO film on limbe circular breathing; filmed in Mongolia (the country),Folk long song performance technique of Limbe performances - circular breathing,UNESCO,youtube:UCkD7gm3Am3M3k156lk46t3A,20111121,601,ok,pending
eCulAKP9cPI,youtube,https://www.youtube.com/watch?v=eCulAKP9cPI,北方草原文化民歌区,Northern Steppe,NS,,,,,field,compilation;needs_review,38-min compilation of Xinjiang Uygur and Mongolian field recordings; region needs review per track,China Musical Traditions of Xinjiang Uygur & Mongolia,World Field Recordings,youtube:UCC1z8JC_BO6DmPD0ol_gpXw,20251004,2294,ok,pending
VUcNcRopfko,youtube,https://www.youtube.com/watch?v=VUcNcRopfko,新疆民歌区,Xinjiang,XJ,新疆,,维吾尔,十二木卡姆,other,accompanied,Oshaq Muqam excerpt,Uyghur Muqam Performance (Part from Oshaq Muqam),UyghurHistory•com,youtube:UCQmQjfUcKyNzHjfYhWXSFUw,20100124,267,ok,pending
GjjwqzPw_bs,youtube,https://www.youtube.com/watch?v=GjjwqzPw_bs,新疆民歌区,Xinjiang,XJ,新疆,,维吾尔,十二木卡姆,other,accompanied;needs_review,Rak Muqam first dastan intermezzo by China National Traditional Orchestra; may be instrumental,Twelve Muqams: Rak Muqam - First Dastan Intermezzo |  China National Traditional Orchestra,中央民族乐团 China National Traditional Orchestra,youtube:UCgD_rOapNGXiCb3oNBbWtBQ,20210907,336,ok,pending
lBiJg3rUJyY,youtube,https://www.youtube.com/watch?v=lBiJg3rUJyY,新疆民歌区,Xinjiang,XJ,新疆,,维吾尔,十二木卡姆,other,documentary,CCTV intangible-heritage segment on the Twelve Muqam,维吾尔族的大型传统古典音乐，新疆十二木卡姆音符一响起便让人沉醉！| CCTV「非遗里的中国 第二季」,CCTV中国中央电视台,youtube:UCcLK3j-XWdGBnt5bR9NJHaQ,20231129,329,ok,pending
Rd_e_FSkLm0,youtube,https://www.youtube.com/watch?v=Rd_e_FSkLm0,新疆民歌区,Xinjiang,XJ,新疆,,维吾尔,民间音乐,other,series:musical_map_of_china;needs_review,Ya Ru; series calls it folk music (民间音乐) so it may be instrumental,Chinese Uyghur Ethnicity Folk Music - Ya Ru 维吾尔族民间音乐 《亚茹》 中国音乐地图 听见新疆 瑞鸣音乐 Rhymoi Music,Musical Map of China 中国音乐地图.瑞鸣音乐 Rhymoi Music,youtube:UCN19zbpNCX9lrbKreffuSAQ,20211111,389,ok,pending
oS4CBOiLlHA,youtube,https://www.youtube.com/watch?v=oS4CBOiLlHA,新疆民歌区,Xinjiang,XJ,新疆,伊犁,维吾尔,民歌,other,compilation,Ili folk songs; 13-min multi-song upload,Uyghur folk song - ili xelq naxshiliri,Uyghur Beauty,youtube:UCVWPTtqbIWZJVvLwvILD9Nw,20221106,801,ok,pending
ertOE9JAn0g,youtube,https://www.youtube.com/watch?v=ertOE9JAn0g,新疆民歌区,Xinjiang,XJ,新疆,,哈萨克,器乐,instrumental,series:musical_map_of_china;instrumental;instrument:冬不拉,Swan on dombra,Chinese Kazakh Ethnicity Dombra Folk Music - Swan 哈萨克族民间音乐 冬不拉《天鹅》中国音乐地图 听见新疆 瑞鸣音乐 Rhymoi Music,Musical Map of China 中国音乐地图.瑞鸣音乐 Rhymoi Music,youtube:UCN19zbpNCX9lrbKreffuSAQ,20211225,224,ok,pending
3NcQtIS0s1M,youtube,https://www.youtube.com/watch?v=3NcQtIS0s1M,新疆民歌区,Xinjiang,XJ,新疆,,哈萨克,冬不拉,other,instrument:冬不拉;needs_review,Dombra sessions of Kazakh Xinjiang; check for singing,"the Yerlan sessions/dombra music of Kazakh Xinjiang, China",the one that got away,youtube:UCjgZEaRFWO20ETsCBVa6ANg,20210521,641,ok,pending
p_U1SldhzoA,youtube,https://www.youtube.com/watch?v=p_U1SldhzoA,新疆民歌区,Xinjiang,XJ,新疆,,塔吉克,民歌,原生态,series:musical_map_of_china,Guli Bita,Chinese Tajik Ethnicity Folk Song - Guli Bita  塔吉克族民歌 《古丽碧塔》中国音乐地图 听见新疆 瑞鸣音乐 Rhymoi Music,Musical Map of China 中国音乐地图.瑞鸣音乐 Rhymoi Music,youtube:UCN19zbpNCX9lrbKreffuSAQ,20211207,380,ok,pending
-neTNNbKRmg,youtube,https://www.youtube.com/watch?v=-neTNNbKRmg,新疆民歌区,Xinjiang,XJ,新疆,,锡伯,民间音乐,other,series:musical_map_of_china;needs_review,Belem and White Walking Horse; series calls it folk music (民间音乐) so it may be instrumental,Chinese Xibe Ethnicity Folk Music - Belem and White Walking Horse 锡伯族民间音乐 《贝伦和白走马 》中国音乐地图 听见新疆 瑞鸣音乐,Musical Map of China 中国音乐地图.瑞鸣音乐 Rhymoi Music,youtube:UCN19zbpNCX9lrbKreffuSAQ,20211216,224,ok,pending
5GW4pU0ATUU,youtube,https://www.youtube.com/watch?v=5GW4pU0ATUU,新疆民歌区,Xinjiang,XJ,新疆,,维吾尔,刀郎木卡姆,other,accompanied,Dolan Muqam,Dolan Muqam 刀郎木卡姆,kwwkwwkww,youtube:UCG6djxZXJPa28tl3RB3D-RQ,20090705,247,ok,pending
sHPB8EctQJ4,youtube,https://www.youtube.com/watch?v=sHPB8EctQJ4,藏族民歌区,Tibetan,TIB,西藏,,藏,器乐,instrumental,series:musical_map_of_china;instrumental;instrument:竖笛,Peaceful Roc on vertical flute,Chinese Tibetan Ethnicity Folk Music - Peaceful Roc . Xi De Qiong 藏族民间音乐 竖笛《和平的大鹏 . 喜德琼》中国音乐地图 听见西藏,Musical Map of China 中国音乐地图.瑞鸣音乐 Rhymoi Music,youtube:UCN19zbpNCX9lrbKreffuSAQ,20211229,213,ok,pending
zMAzwlBnIkM,youtube,https://www.youtube.com/watch?v=zMAzwlBnIkM,藏族民歌区,Tibetan,TIB,西藏,,藏,宗教仪式音乐,instrumental,series:musical_map_of_china;instrumental;instrument:达玛如,Ritual percussion (damaru and chibu),"Chinese Tibetan Ethnicity Traditional Music - Da Ma Ru , Chibu  藏族传统音乐《仪式里的打击乐 . 达玛如 、持布》中国音乐地图 听见西藏",Musical Map of China 中国音乐地图.瑞鸣音乐 Rhymoi Music,youtube:UCN19zbpNCX9lrbKreffuSAQ,20211206,208,ok,pending
vL4h4pmzM9s,youtube,https://www.youtube.com/watch?v=vL4h4pmzM9s,藏族民歌区,Tibetan,TIB,四川,巴塘,藏,弦子,other,series:musical_map_of_china;song_and_dance;needs_review,Batang xianzi; series calls it folk music (民间音乐),Chinese Tibetan Ethnicity Folk Music - The Dance of Batang Xianzi  藏族民间音乐 哔旺《巴塘弦子舞 》中国音乐地图 听见西藏 瑞鸣,Musical Map of China 中国音乐地图.瑞鸣音乐 Rhymoi Music,youtube:UCN19zbpNCX9lrbKreffuSAQ,20211206,160,ok,pending
JXEbQUUJRoY,youtube,https://www.youtube.com/watch?v=JXEbQUUJRoY,藏族民歌区,Tibetan,TIB,四川,,藏,锅庄,原生态,series:musical_map_of_china;song_and_dance,Guozhuang song; series lists it under 听见四川,Chinese Tibetan Ethnicity Folk Song - Guozhuang Jumped Up 藏族民歌 《锅庄跳起来 . 冬波儿让》中国音乐地图 听见四川 瑞鸣音乐,Musical Map of China 中国音乐地图.瑞鸣音乐 Rhymoi Music,youtube:UCN19zbpNCX9lrbKreffuSAQ,20211226,116,ok,pending
mJo2XliKgpU,youtube,https://www.youtube.com/watch?v=mJo2XliKgpU,藏族民歌区,Tibetan,TIB,,,藏,劳动号子,民族唱法,tv_performance,Wall-building work song (打墙歌) performed on a TV folk-song gala,阿兰惊艳演绎藏族号子《打墙歌》 原生态唱腔极具穿透力！[原声天籁——中国民歌盛典] | 中国音乐电视 Music TV,中国音乐电视 Music TV,youtube:UCK3uufpnv3u6waDYJXmx6Kg,20231016,182,ok,pending
6ESIEvp7hYw,youtube,https://www.youtube.com/watch?v=6ESIEvp7hYw,藏族民歌区,Tibetan,TIB,青海,安多,藏,民歌,other,needs_review,Amdo folk song; uploader channel not the singer,Amdo Folk Song - Drug Sang Sang by Lhalung Tso，安多藏族民歌 - 拉朗措,TNW-CHANNEL,youtube:UCv8urypzf7EZIRFt0pB-AfQ,20101124,183,ok,pending
GagpMNUEX0k,youtube,https://www.youtube.com/watch?v=GagpMNUEX0k,藏族民歌区,Tibetan,TIB,青海,安多,藏,民歌,other,needs_review,Amdo folk song; uploader channel not the singer,"Tibet: Amdo Folk Song--Tashi 'jog, by Lhalung tso 吐蕃音乐",kokonor11,youtube:UC_2sOCSaFosvz7LXJFjiwng,20080212,106,ok,pending
Kv8IxLw3NWs,youtube,https://www.youtube.com/watch?v=Kv8IxLw3NWs,藏族民歌区,Tibetan,TIB,,,藏,格萨尔史诗,other,documentary,UNESCO film on the Gesar epic tradition,Gesar epic tradition,UNESCO,youtube:UCkD7gm3Am3M3k156lk46t3A,20090928,566,ok,pending
