item_id,round,platform,url,title,channel,channel_key,upload_date,duration_s,region,region_en,region_code,region_type,province,county_or_area,geo_level,lon,lat,ethnic_group,ethnic_subgroup,song_name,song_key,genre,performance_type,singer,singer_id,singer_inheritor,provenance_tier,provenance_evidence,feature_flags,dating_flag,label_status,speech_share,core,core_exclusion,group_id,fold
_3sI_PtkRTU,1,youtube,https://www.youtube.com/watch?v=_3sI_PtkRTU,川江號子《大江船歌》原生態長江船歌表演。隨著三峽大壩的建成蓄水，器械化船舶的普及，那些長江上的老木船已經成為歷史，老船工也上岸成為重慶的普通市民。,醋哥食旅,youtube:UCZaaDW-Y5eVYyo3ZxUwAVKg,20220730.0,346.0,西南高原,Southwest Plateau,SWP,Han,重庆,,province,107.8839,30.067297,汉,,川江号子,川江号子#_3sI_PtkRTU,号子/劳动歌,原生态,,,,C,"description: travel vlogger, 2021 interactive boatmen-song show (川江号子 experience play)",,traditional,,0.0,True,,12,3
StgvMIiW08s,1,youtube,https://www.youtube.com/watch?v=StgvMIiW08s,川江号子-A Work Song of Boat Trackers in SiChuan Province,sosolare,youtube:UCr2QFQY0wvCgwep7YbRHYiA,20080108.0,332.0,西南高原,Southwest Plateau,SWP,Han,四川/重庆,,province,107.8839,30.067297,汉,,川江号子,川江号子#StgvMIiW08s,号子/劳动歌,原生态,,,,C,description: generic note on boat trackers; no place,,traditional,,0.0606060606060606,True,,27,3
zValxC-jzqA,1,youtube,https://www.youtube.com/watch?v=zValxC-jzqA,四川省非遗—柳凤休闲岛—柳街薅秧歌,aidongli520,youtube:UCL8hm7T-RBWzzL0IlSFVcXA,20210730.0,122.0,西南高原,Southwest Plateau,SWP,Han,四川,成都温江柳街镇,county,103.810468,30.724102,汉,,柳街薅秧歌,柳街薅秧歌,薅秧歌/田歌,field,,,,B,"title: 四川省非遗 柳街薅秧歌 at 柳凤休闲岛 (Liujie Town, Wenjiang)",,traditional,,0.0833333333333333,True,,42,1
b02z2cEe4ng,1,youtube,https://www.youtube.com/watch?v=b02z2cEe4ng,Chinese Sichuan Folk Song - Winter Vegetables 四川民歌《冬寒菜》中国音乐地图 听见四川 瑞鸣音乐 Rhymoi Music,Musical Map of China 中国音乐地图.瑞鸣音乐 Rhymoi Music,youtube:UCN19zbpNCX9lrbKreffuSAQ,20211220.0,242.0,西南高原,Southwest Plateau,SWP,Han,四川,成都新津,county,103.825572,30.422245,汉,,冬寒菜,冬寒菜,小调,原生态,,S73b8fad8,,A2,"Musical Map of China description: named singer, 地区 四川新津 (county stated)",series:musical_map_of_china;accompanied;instrument:二胡,traditional,,0.125,True,,0,0
AT1lowVR8UY,1,youtube,https://www.youtube.com/watch?v=AT1lowVR8UY,[2025年非遗晚会]石柱土家啰儿调《太阳出来喜洋洋》选段 演唱：杨中合 | CCTV,CCTV中国中央电视台,youtube:UCcLK3j-XWdGBnt5bR9NJHaQ,20250204.0,100.0,西南高原,Southwest Plateau,SWP,Han,重庆,石柱,prefecture,108.298494,30.093676,土家,,太阳出来喜洋洋（石柱啰儿调）,太阳出来喜洋洋,啰儿调/山歌,原生态,,Sc5d63ccd,(level not stated): 石柱土家啰儿调,A2,title: 石柱 啰儿调 sung by [singer] at 2025 非遗晚会 which invites inheritors,,check,,0.0,True,,0,0
lAtp0PZY3SA,1,youtube,https://www.youtube.com/watch?v=lAtp0PZY3SA,原生态云南山歌花灯，你肯定没有听过这样的山歌（原创实拍）,hongyu huang (山歌大土豆),youtube:UC7SxzK7QfPyjE48TG24e7IQ,20180208.0,83.0,西南高原,Southwest Plateau,SWP,Han,云南,,province,101.485106,25.008643,汉,,云南山歌（花灯调）,云南山歌#lAtp0PZY3SA,山歌,原生态,,,,C,title: 云南山歌 only; amateur recording,,traditional,,0.0,True,,87,4
PLziBckREhA,1,youtube,https://www.youtube.com/watch?v=PLziBckREhA,板扎呢云南山歌，领唱的大叔有点帅（原创）,hongyu huang (山歌大土豆),youtube:UC7SxzK7QfPyjE48TG24e7IQ,20180208.0,83.0,西南高原,Southwest Plateau,SWP,Han,云南,,province,101.485106,25.008643,汉,,云南山歌,云南山歌#PLziBckREhA,山歌,原生态,,,,C,title: 云南山歌 only; amateur recording,,traditional,,0.125,True,,87,4
ANoml74LnnQ,1,youtube,https://www.youtube.com/watch?v=ANoml74LnnQ,九寨民歌 - 南坪小调,kwwkwwkww,youtube:UCG6djxZXJPa28tl3RB3D-RQ,20090319.0,178.0,西南高原,Southwest Plateau,SWP,Han,四川,阿坝九寨沟(南坪),county,103.926618,33.311923,汉,,南坪小调,南坪小调#ANoml74LnnQ,小调/南坪曲子,原生态,,,,C,title: 九寨民歌 only,,traditional,,0.0,True,,0,0
8l1yhALLo1c,1,youtube,https://www.youtube.com/watch?v=8l1yhALLo1c,云南民歌《小河淌水》云南省著名歌唱家黄虹老师演唱 1953年录音,Beautiful and  Entertaiment Source 美丽及娱乐资源,youtube:UCgTbQoYVr93gX1pA5H2V_Zw,20250131.0,224.0,西南高原,Southwest Plateau,SWP,Han,云南,大理弥渡,county,100.210651,25.742713,汉,,小河淌水,小河淌水,山歌/小调,民族唱法,,S4ec66bc9,,C,title: [singer] 1953 recording; 弥渡 as song origin,,composed,,0.0,False,composed,132,2
rpDdNukM64Q,1,youtube,https://www.youtube.com/watch?v=rpDdNukM64Q,[原声天籁——中国民歌盛典]云南弥渡民歌《小河淌水》 演唱：吕薇 张英席 杨一方 应忆俊|CCTV,CCTV中国中央电视台,youtube:UCcLK3j-XWdGBnt5bR9NJHaQ,20240112.0,104.0,西南高原,Southwest Plateau,SWP,Han,云南,大理弥渡,county,100.210651,25.742713,汉,,小河淌水,小河淌水,山歌/小调,民族唱法,,S02a8ab78,,C,"title: CCTV gala, 弥渡民歌",,composed,,0.0,False,composed,0,0
0Pn6HchMovo,1,youtube,https://www.youtube.com/watch?v=0Pn6HchMovo,"《猜調》[Cai Diao] ""Guessing"" - 演唱: 黄虹 [Huang Hong] - 雲南民歌 (Yunnan Folk Song) - 1956 live in HK",pwong702,youtube:UCTnNYn3aH9XYAbJllWuKn5w,20210106.0,91.0,西南高原,Southwest Plateau,SWP,Han,云南,昆明,prefecture,102.87442,25.387092,汉,,猜调,猜调,小调/对歌,民族唱法,,S4ec66bc9,,C,description: 1956 Hong Kong live recording of touring troupe,,traditional,,0.0,True,,132,2
ZrZEfe8Mh4s,1,youtube,https://www.youtube.com/watch?v=ZrZEfe8Mh4s,"《趕馬調》[Ganma Diao] ""Herdsman's Love Song""- 演唱: 黄虹 [Huang Hong]-雲南民歌(Yunnan Folk Song)-1956 live in HK",pwong702,youtube:UCTnNYn3aH9XYAbJllWuKn5w,20210106.0,128.0,西南高原,Southwest Plateau,SWP,Han,云南,,province,101.485106,25.008643,汉,,赶马调,赶马调,山歌,民族唱法,,S4ec66bc9,,C,description: 1956 Hong Kong live recording of touring troupe,,traditional,,0.0,True,,132,2
fMcewGlJEz8,1,youtube,https://www.youtube.com/watch?v=fMcewGlJEz8,放马山歌  黄虹（1979年云南省歌舞团乐队伴奏）,Dowen L,youtube:UCvS-SHKZy9ZnbntNy5ig4LA,20131023.0,105.0,西南高原,Southwest Plateau,SWP,Han,云南,玉溪,prefecture,102.204123,24.138434,汉,,放马山歌,放马山歌#fMcewGlJEz8,山歌,民族唱法,,S4ec66bc9,,C,title: 1979 Yunnan song-dance troupe accompaniment,,check,,0.0,True,,132,2
GhQAoqnkpzM,1,youtube,https://www.youtube.com/watch?v=GhQAoqnkpzM,弥渡山歌  黄虹,Dowen L,youtube:UCvS-SHKZy9ZnbntNy5ig4LA,20131022.0,91.0,西南高原,Southwest Plateau,SWP,Han,云南,大理弥渡,county,100.210651,25.742713,汉,,弥渡山歌,弥渡山歌#GhQAoqnkpzM,山歌,民族唱法,,S4ec66bc9,,C,title: 弥渡山歌 (song origin),,traditional,,0.0,True,,132,2
Z2Kt9UShBZA,1,youtube,https://www.youtube.com/watch?v=Z2Kt9UShBZA,耍山调  黄虹,Dowen L,youtube:UCvS-SHKZy9ZnbntNy5ig4LA,20131023.0,126.0,西南高原,Southwest Plateau,SWP,Han,云南,昆明,prefecture,102.87442,25.387092,汉,,耍山调,耍山调,山歌,民族唱法,,S4ec66bc9,,C,description: 昆明北门调,,traditional,,0.0,True,,132,2
7ylXz05-HOM,1,youtube,https://www.youtube.com/watch?v=7ylXz05-HOM,白鹤双双飞下来（云南姚安民歌）,黄虹 - Topic,youtube:UCnfF9dawP1iJ8-9yGl4Ygsw,20260529.0,138.0,西南高原,Southwest Plateau,SWP,Han,云南,楚雄姚安,county,101.321931,24.874184,汉,,白鹤双双飞下来,白鹤双双飞下来,山歌,民族唱法,,S4ec66bc9,,C,title: 姚安民歌 album track,,traditional,,0.0,True,,132,2
MsVeR1mllq0,1,youtube,https://www.youtube.com/watch?v=MsVeR1mllq0,月牙弯弯映小河（云南大姚民歌）,黄虹 - Topic,youtube:UCnfF9dawP1iJ8-9yGl4Ygsw,20260529.0,129.0,西南高原,Southwest Plateau,SWP,Han,云南,楚雄大姚,county,101.321931,24.874184,汉,,月牙弯弯映小河,月牙弯弯映小河,山歌,民族唱法,,S4ec66bc9,,C,title: 大姚民歌 album track,,traditional,,0.0,True,,132,2
CsqtVIqLdfQ,1,youtube,https://www.youtube.com/watch?v=CsqtVIqLdfQ,《高山砍柴》 云南民歌、黄虹演唱,Tt Weilin,youtube:UCxcoD12BC49KS6Ei063dLRw,20130909.0,106.0,西南高原,Southwest Plateau,SWP,Han,云南,,province,101.485106,25.008643,汉,,高山砍柴,高山砍柴,山歌,民族唱法,,S4ec66bc9,,C,title: 云南民歌; arranger 方弓,,check,,0.0,True,,132,2
jlT0dTIoTrY,1,youtube,https://www.youtube.com/watch?v=jlT0dTIoTrY,"《太陽出來喜洋洋》[Taiyang Chulai Xiyangyang] ""Joy at Sunrise"" - 四川民歌 (Sichuan folk song) - 蔡紹序 [Cai Shaoxu]",pwong702,youtube:UCTnNYn3aH9XYAbJllWuKn5w,20210104.0,130.0,西南高原,Southwest Plateau,SWP,Han,四川,,province,102.693453,30.674545,汉,,太阳出来喜洋洋,太阳出来喜洋洋,山歌,民族唱法,,S8ed7e9ad,,C,"description: lyrics 金鼓, arranged 丁善德, 1962 recording",,composed,,0.0,False,composed,132,2
UIQQnV2CfI0,1,youtube,https://www.youtube.com/watch?v=UIQQnV2CfI0,槐花几时开  蔡绍序,Dowen L,youtube:UCvS-SHKZy9ZnbntNy5ig4LA,20131208.0,133.0,西南高原,Southwest Plateau,SWP,Han,四川,宜宾,prefecture,104.637629,28.572053,汉,,槐花几时开,槐花几时开,山歌,民族唱法,,S8ed7e9ad,,C,"description: arranged 丁善德, 1962 piano accompaniment",,check,,0.0,True,,132,2
E_L3naWc6_0,1,youtube,https://www.youtube.com/watch?v=E_L3naWc6_0,槐花几时开 四川唱法 云南唱法,LeoZhou音容安在-旧曲新闻,youtube:UCK77wVIxHZdNx-eajolPoCA,20230804.0,100.0,西南高原,Southwest Plateau,SWP,Han,四川,宜宾,prefecture,104.637629,28.572053,汉,,槐花几时开,槐花几时开,山歌,民族唱法,,,,C,description: comparison of Sichuan vs Yunnan tunes,,check,,0.0,True,,312,4
0lD_dLxdu9I,1,youtube,https://www.youtube.com/watch?v=0lD_dLxdu9I,#周强Music #槐花几时开#四川山歌 #宜宾民歌 #等槐花开也等你来,Music 周强,youtube:UCi9Rpxd_b_0ZgCf4JN-o1Ew,20220228.0,161.0,西南高原,Southwest Plateau,SWP,Han,四川,宜宾,prefecture,104.637629,28.572053,汉,,槐花几时开,槐花几时开,山歌,民族唱法,,Sce184bc5,,C,title: 宜宾民歌 hashtag; tenor channel,,check,,0.0,True,,327,3
jw3tQwFRgCA,1,youtube,https://www.youtube.com/watch?v=jw3tQwFRgCA,康定情歌 喻宜萱 懷舊金曲 歌詞版,Kent Music,youtube:UCPFYG_pzk4gJ4bKBwDvWoww,20230315.0,148.0,西南高原,Southwest Plateau,SWP,Han,四川,康定,county,101.747501,29.958079,汉,,康定情歌,康定情歌#jw3tQwFRgCA,小调/溜溜调,民族唱法,,Sb59e122e,,C,title: historical recording; lyric video,,check,,0.0,True,,342,2
nE-sLijay0A,1,youtube,https://www.youtube.com/watch?v=nE-sLijay0A,[中国民歌大会]康定民歌《康定情歌》 演唱：云朵 雨禾,CCTV中国中央电视台,youtube:UCcLK3j-XWdGBnt5bR9NJHaQ,20161004.0,111.0,西南高原,Southwest Plateau,SWP,Han,四川,康定,county,101.747501,29.958079,汉,,康定情歌,康定情歌#nE-sLijay0A,小调/溜溜调,民族唱法,,Sef41a303,,C,title: CCTV 民歌大会,,check,,0.0,True,,0,0
K6VhJlESchM,1,youtube,https://www.youtube.com/watch?v=K6VhJlESchM,康定情歌   The Love Song Of Kangding,Dragon Music,youtube:UChR8Zi1y8vpydEL9bkUir-Q,20151010.0,189.0,西南高原,Southwest Plateau,SWP,Han,四川,康定,county,101.747501,29.958079,汉,,康定情歌,康定情歌#K6VhJlESchM,小调/溜溜调,民族唱法,,S7efadef2,,C,description: cover by Long Piaopiao,,check,exclude,0.0,False,label;arrangement,372,1
OQ2vNwJ9eTw,1,youtube,https://www.youtube.com/watch?v=OQ2vNwJ9eTw,这才是原生态！刘娟深情演绎四川民歌《溜溜山歌》唱出了山野的自由感 好听极了 [民歌中国] | 中国音乐电视Music TV,中国音乐电视 Music TV,youtube:UCK3uufpnv3u6waDYJXmx6Kg,20260323.0,170.0,西南高原,Southwest Plateau,SWP,Han,四川,,province,102.693453,30.674545,汉,,溜溜山歌,溜溜山歌#OQ2vNwJ9eTw,山歌,民族唱法,,S93ed3b63,,C,title: 四川民歌 TV,,traditional,,0.0,True,,270,4
mzLkgqIR2dE,1,youtube,https://www.youtube.com/watch?v=mzLkgqIR2dE,黄杨扁担（四川民歌）,俞淑琴 - Topic,youtube:UCJEHF-fKkAo5vVqsVFR-09A,20260529.0,111.0,西南高原,Southwest Plateau,SWP,Han,重庆,秀山,prefecture,109.018121,28.491722,汉,,黄杨扁担,黄杨扁担,花灯调/小调,民族唱法,,S2a04ff88,,C,title: 四川民歌 album track,,traditional,,0.0,True,,402,3
IJX_dFfh-4U,1,youtube,https://www.youtube.com/watch?v=IJX_dFfh-4U,《黄杨扁担》是一首充满乡土气息和生活情趣的重庆民歌。歌曲以黄杨扁担为线索，描绘了秀山县白粉墙村的风土人情。周强以自然、活泼的男高音演绎了这首传唱百年的经典之作。,Music 周强,youtube:UCi9Rpxd_b_0ZgCf4JN-o1Ew,20220910.0,179.0,西南高原,Southwest Plateau,SWP,Han,重庆,秀山白粉墙村,prefecture,109.018121,28.491722,汉,,黄杨扁担,黄杨扁担,花灯调/小调,民族唱法,,Sce184bc5,,C,title: tenor performance of the Xiushan song; village named as the song's subject,,traditional,,0.0,True,,327,3
yMQjYfuxtzo,1,youtube,https://www.youtube.com/watch?v=yMQjYfuxtzo,8. 采花（四川）- 1990 彭丽媛，Liyuan Peng - 彭丽媛演唱各地方民歌（西南地区）,Jewely 0,youtube:UCQSSGzA8J0DJT1fgZYdcIGw,20220822.0,141.0,西南高原,Southwest Plateau,SWP,Han,四川,,province,102.693453,30.674545,汉,,采花,采花,小调,民族唱法,,S46c7fe5d,,C,title: 1990 regional songs album,,traditional,exclude,0.0,False,label,0,0
x7qEZhdTtQw,1,youtube,https://www.youtube.com/watch?v=x7qEZhdTtQw,四川民歌《採花》(Picking Flowers) - 中央歌舞團合唱隊 (自彈自唱) - Female Chorus of the Central Song and Dance Ensemble,pwong702,youtube:UCTnNYn3aH9XYAbJllWuKn5w,20201120.0,183.0,西南高原,Southwest Plateau,SWP,Han,四川,,province,102.693453,30.674545,汉,,采花,采花,小调,民族唱法,,Sc6ad3ef7,,C,"description: 1959 recording, arr. 康年, choir",,check,,0.0,False,arrangement,132,2
trX6KTdoTlY,1,youtube,https://www.youtube.com/watch?v=trX6KTdoTlY,惊呆了！云朵演唱《采花》 开口就是四川辣妹子的感觉 [民歌中国] | 中国音乐电视 Music TV,中国音乐电视 Music TV,youtube:UCK3uufpnv3u6waDYJXmx6Kg,20230201.0,201.0,西南高原,Southwest Plateau,SWP,Han,四川,,province,102.693453,30.674545,汉,,采花,采花,小调,民族唱法,,S8bc54e65,,C,title: 民歌中国 TV,,traditional,,0.0,True,,270,4
ujmD1UzUjOc,1,youtube,https://www.youtube.com/watch?v=ujmD1UzUjOc,张艳梅一首云南弥渡民歌《绣荷包》悠扬的长调，别致动听,妙美神奇音乐,youtube:UCUPMzKN3-IQ8C_xaN-32QRw,20191202.0,293.0,西南高原,Southwest Plateau,SWP,Han,云南,大理弥渡,county,100.210651,25.742713,汉,,绣荷包,绣荷包,小调,民族唱法,,S20a369c8,,C,title: 弥渡民歌,,traditional,,0.0,True,,477,0
ZTlAf7R7ncM,1,youtube,https://www.youtube.com/watch?v=ZTlAf7R7ncM,云南民歌《绣荷包》 女高音颜添英演唱,Tt Weilin,youtube:UCxcoD12BC49KS6Ei063dLRw,20150103.0,109.0,西南高原,Southwest Plateau,SWP,Han,云南,,province,101.485106,25.008643,汉,,绣荷包,绣荷包,小调,民族唱法,,Sdfb19942,,C,title: 云南民歌,,traditional,,0.0,True,,132,2
mYIpK0yZSrU,1,youtube,https://www.youtube.com/watch?v=mYIpK0yZSrU,云南民歌《大河涨水沙浪沙》刘淑芳演唱,Tt Weilin,youtube:UCxcoD12BC49KS6Ei063dLRw,20150831.0,77.0,西南高原,Southwest Plateau,SWP,Han,云南,,province,101.485106,25.008643,汉,,大河涨水沙浪沙,大河涨水沙浪沙,山歌,民族唱法,,S113b3a7e,,C,title: 云南民歌,,check,,0.0,True,,132,2
9JO1RIlZCxM,1,youtube,https://www.youtube.com/watch?v=9JO1RIlZCxM,放马山歌 (云南民歌),彭丽媛 - Topic,youtube:UCr_tjlNYNtAQacA3fQkrPjg,20220507.0,69.0,西南高原,Southwest Plateau,SWP,Han,云南,玉溪,prefecture,102.204123,24.138434,汉,,放马山歌,放马山歌#9JO1RIlZCxM,山歌,民族唱法,,S46c7fe5d,,C,credits: composer 沙里晶,,check,exclude,0.0,False,label,0,0
up6N00CGhhI,1,youtube,https://www.youtube.com/watch?v=up6N00CGhhI,云朵开心演唱《螃蟹歌》诙谐幽默川普数螃蟹,Yunduo Ai,youtube:UCm_83fT-d8eX3O7BSQb84mw,20251218.0,278.0,西南高原,Southwest Plateau,SWP,Han,四川,,province,102.693453,30.674545,汉,,螃蟹歌,螃蟹歌,小调/儿歌,民族唱法,,S8bc54e65,,C,description: livestream 2025,,traditional,,0.0,True,,270,4
aHDCg_n5oBQ,1,youtube,https://www.youtube.com/watch?v=aHDCg_n5oBQ,【仝卓】贵州民歌情姐下河洗衣裳,Mousike仝卓Tong,youtube:UCTyMRXA7eU63f5RsTFnzwXg,20200908.0,186.0,西南高原,Southwest Plateau,SWP,Han,贵州,,province,106.880455,26.826368,汉,,情姐下河洗衣裳,情姐下河洗衣裳,小调,民族唱法,,S357fc1ee,,C,title: 贵州民歌,,traditional,,0.0,True,,397,4
9RDYdUUxh8c,1,youtube,https://www.youtube.com/watch?v=9RDYdUUxh8c,唱响新時代-情姐下河洗衣裳-貴州道真1920x1080HD版,游精德,youtube:UCvTUSLlhd4uh7xdNiRdDHzg,20220218.0,82.0,西南高原,Southwest Plateau,SWP,Han,贵州,遵义道真,county,107.610183,28.927796,仡佬,,情姐下河洗衣裳,情姐下河洗衣裳,小调,原生态,,,,B,title: 贵州道真; satellite-TV recording of local show,,traditional,,0.0,True,,567,1
jQGqaK7SbZA,1,youtube,https://www.youtube.com/watch?v=jQGqaK7SbZA,猜调（云南昆明彝族民歌）,Release - Topic,youtube:UCTXWJBZu3kji_4X4Uw8_frw,20260529.0,108.0,西南高原,Southwest Plateau,SWP,Han,云南,昆明,prefecture,102.87442,25.387092,彝,,猜调,猜调,小调/对歌,民族唱法,,S87c432f9,,C,title: 昆明彝族民歌 album track,,traditional,,0.0,True,,58,3
6vgd3X-WZrc,1,youtube,https://www.youtube.com/watch?v=6vgd3X-WZrc,太阳出来喜洋洋 - 民歌经典,音悦川,youtube:UCvbX1e35_v9IGVPhbLe-7Tg,20210703.0,259.0,西南高原,Southwest Plateau,SWP,Han,四川,,province,102.693453,30.674545,汉,,太阳出来喜洋洋,太阳出来喜洋洋,山歌,民族唱法,,,,C,title only; piano/classic playlist channel,,composed,,0.0,False,composed,468,4
BV1MLSbYFEmN,2,bilibili,https://www.bilibili.com/video/BV1MLSbYFEmN,川江号子-非遗版你听过吗？已故川江号子传承人：陈邦贵！,marcohard,bilibili:695146689,20241029.0,326.611,西南高原,Southwest Plateau,SWP,Han,重庆,长江 川江,province,107.8839,30.067297,汉,,川江号子,川江号子#BV1MLSbYFEmN,号子,原生态,,S315b66e6,（title: 已故川江号子传承人）,A2,title names [singer] as 川江号子传承人 (Chongqing boatman); not on national list (ihchina national inheritor is 曹光裕),,traditional,,0.3636363636363636,True,,1172,0
BV1PyhheAEF9,2,bilibili,https://www.bilibili.com/video/BV1PyhheAEF9,“南溪号子”——号子一声穿越武陵千年，土家放歌再唱时代,重庆市非遗保护中心,bilibili:3546373127408471,20240705.0,326.426,西南高原,Southwest Plateau,SWP,Han,重庆,黔江,prefecture,108.708597,29.435532,土家/汉,,南溪号子,南溪号子#BV1PyhheAEF9,号子,原生态,,,,B,重庆市非遗保护中心: 南溪号子 源自重庆市黔江区,,traditional,,0.1515151515151515,True,,1173,3
BV1PkhheeECC,2,bilibili,https://www.bilibili.com/video/BV1PkhheeECC,“龙骨坡抬工号子”——号子一吼响三峡，抬工放歌龙骨坡,重庆市非遗保护中心,bilibili:3546373127408471,20240705.0,355.683,西南高原,Southwest Plateau,SWP,Han,重庆,巫山 庙宇镇,prefecture,109.901246,31.115189,汉,,龙骨坡抬工号子,龙骨坡抬工号子,号子,原生态,,,,B,重庆市非遗保护中心: 源于重庆市巫山县庙宇镇,,traditional,,0.5,False,speech,1173,3
BV11ybaePEfu,2,bilibili,https://www.bilibili.com/video/BV11ybaePEfu,“石柱土家啰儿调”——吼一声来啰儿调，唱的鸟语山花俏,重庆市非遗保护中心,bilibili:3546373127408471,20240716.0,321.642,西南高原,Southwest Plateau,SWP,Han,重庆,石柱,prefecture,108.298494,30.093676,土家/汉,,石柱土家啰儿调,石柱土家啰儿调,啰儿调,原生态,,,,B,"重庆市非遗保护中心: 石柱土家啰儿调 (national ICH, 石柱县)",,traditional,,0.375,False,speech,1173,3
BV1ezbSehEXf,2,bilibili,https://www.bilibili.com/video/BV1ezbSehEXf,“酉阳民歌”——木叶吹奏天籁音，大地飞歌山水情,重庆市非遗保护中心,bilibili:3546373127408471,20240715.0,294.939,西南高原,Southwest Plateau,SWP,Han,重庆,酉阳,prefecture,108.800321,28.89987,土家/汉,,酉阳民歌,酉阳民歌#BV1ezbSehEXf,民歌,原生态,,,,B,重庆市非遗保护中心: 酉阳民歌 (national ICH),,traditional,,0.6551724137931034,False,speech,1173,3
BV1ai4y1b7Nb,2,bilibili,https://www.bilibili.com/video/BV1ai4y1b7Nb,重庆·石柱 土家啰儿调,我的家乡是石柱,bilibili:56551435,20200330.0,414.6,西南高原,Southwest Plateau,SWP,Han,重庆,石柱,prefecture,108.298494,30.093676,土家/汉,,土家啰儿调（石柱）,土家啰儿调,啰儿调,原生态,,,,B,channel 我的家乡是石柱; title 重庆·石柱 土家啰儿调,,traditional,,0.0975609756097561,True,,1177,0
BV1MxYo6tEaT,2,bilibili,https://www.bilibili.com/video/BV1MxYo6tEaT,14 站在山坡看太阳#石柱土家啰儿调@山歌万里,时光漫步86408466,bilibili:694389252,20260912.0,276.1,西南高原,Southwest Plateau,SWP,Han,重庆,石柱,prefecture,108.298494,30.093676,土家/汉,,站在山坡看太阳,站在山坡看太阳,啰儿调,原生态,,,,C,title: 石柱土家啰儿调 (山歌万里 concert),,check,,0.0,True,,1178,4
BV13z4y197nT,2,bilibili,https://www.bilibili.com/video/BV13z4y197nT,国家级非物质文化遗产《巴山背二歌》,巴中市文化馆,bilibili:430081312,20200526.0,444.437,西南高原,Southwest Plateau,SWP,Han,四川,巴中,prefecture,107.041958,32.016794,汉,,巴山背二歌,巴山背二歌,背二歌,原生态,,,,B,channel 巴中市文化馆 (city cultural centre),,traditional,,0.3409090909090909,True,,1179,3
BV1Aa4y1Q7aC,2,bilibili,https://www.bilibili.com/video/BV1Aa4y1Q7aC,巴山背二歌,xiaoqiliao,bilibili:324860351,20231106.0,219.846,西南高原,Southwest Plateau,SWP,Han,四川,巴中,prefecture,107.041958,32.016794,汉,,巴山背二歌,巴山背二歌,背二歌,原生态,,,,C,title only,,traditional,,0.3181818181818182,True,,1180,1
BV1pu4y1J7Cg,2,bilibili,https://www.bilibili.com/video/BV1pu4y1J7Cg,南溪号子九道拐,xiaoqiliao,bilibili:324860351,20231102.0,263.252,西南高原,Southwest Plateau,SWP,Han,重庆,黔江,prefecture,108.708597,29.435532,土家/汉,,南溪号子·九道拐,南溪号子九道拐,号子,原生态,,,,C,title only,,traditional,,0.0,True,,1180,1
BV1wc411o7uy,2,bilibili,https://www.bilibili.com/video/BV1wc411o7uy,梁平抬儿调,xiaoqiliao,bilibili:324860351,20231102.0,295.21,西南高原,Southwest Plateau,SWP,Han,重庆,梁平,prefecture,107.719234,30.658344,汉,,梁平抬儿调,梁平抬儿调,号子,原生态,,,,C,title only,,traditional,,0.1333333333333333,True,,1180,1
BV1Mz4y1K71u,2,bilibili,https://www.bilibili.com/video/BV1Mz4y1K71u,抬石号子,xiaoqiliao,bilibili:324860351,20231106.0,258.345,西南高原,Southwest Plateau,SWP,Han,重庆/四川,,province,107.8839,30.067297,汉,,抬石号子,抬石号子#BV1Mz4y1K71u,号子,原生态,,,,C,title only,,traditional,,0.0769230769230769,True,,1180,1
BV1VAa4eBEQS,2,bilibili,https://www.bilibili.com/video/BV1VAa4eBEQS,秀山花灯《上灯台》,爱面码还是爱真白,bilibili:330358006,20240711.0,393.418,西南高原,Southwest Plateau,SWP,Han,重庆,秀山,prefecture,109.018121,28.491722,土家/汉,,上灯台,上灯台,花灯,原生态,,,,C,title: 秀山花灯,,traditional,,0.0,True,,1184,4
BV1gt4y1k7rc,2,bilibili,https://www.bilibili.com/video/BV1gt4y1k7rc,《好久不走这方来》（姚安花灯调）　演唱：袁留安　省艺校花灯科乐队伴奏,舒佬玩味,bilibili:1900181882,20201213.0,131.981,西南高原,Southwest Plateau,SWP,Han,云南,楚雄 姚安,county,101.321931,24.874184,汉,,好久不走这方来,好久不走这方来,花灯调,原生态,,Sa6859805,,C,"title: 姚安花灯调, 演唱 [singer] (云南花灯 artist, collector of 弥渡山歌); locality of singer not verified",,traditional,,0.0,True,,1185,0
BV1qC4y1Q7Uu,2,bilibili,https://www.bilibili.com/video/BV1qC4y1Q7Uu,毛云刚《溜溜调》 (第一季#中国茶歌会  战队集结分组赛),中国茶歌会,bilibili:3546569727019803,20231218.0,118.328,西南高原,Southwest Plateau,SWP,Han,四川,甘孜 康定,county,101.747501,29.958079,汉/藏,,溜溜调,溜溜调,溜溜调,原生态,,Sf631ebfc,（described as 非遗传承人 in 龚琳娜 collaboration video BV1ox4y1o7wg）,A2,named 康定 溜溜调 singer; 中国茶歌会 performance,,traditional,,0.0,True,,1186,3
BV1Ef4y1W7if,2,bilibili,https://www.bilibili.com/video/BV1Ef4y1W7if,四川民歌《康定溜溜调》泽旺阿姆&amp;格绒格西唱,陈立明导演,bilibili:703091173,20210506.0,152.682,西南高原,Southwest Plateau,SWP,Han,四川,甘孜 康定,county,101.747501,29.958079,藏,,康定溜溜调,康定溜溜调,溜溜调,原生态,,Se2c13503,,C,title only,,traditional,,0.0,True,,0,0
BV1Kr4y1M76R,2,bilibili,https://www.bilibili.com/video/BV1Kr4y1M76R,赤水市级非物质文化遗产——薅秧歌,大美赤水多彩非遗,bilibili:628895797,20210115.0,365.247,西南高原,Southwest Plateau,SWP,Han,贵州,遵义 赤水,county,105.916744,28.487671,汉,,薅秧歌（赤水）,薅秧歌,薅秧歌,原生态,,,,B,description: 视频版权归赤水市文化馆; 赤水市级非遗,,traditional,,0.081081081081081,True,,1188,1
BV1s5rPB9Enn,2,bilibili,https://www.bilibili.com/video/BV1s5rPB9Enn,【广元旺苍】四川非遗木门薅秧歌欣赏~ ②,非遗里的华夏丨四川,bilibili:3632315469138315,20260109.0,46.718,西南高原,Southwest Plateau,SWP,Han,四川,广元 旺苍 木门,county,106.396062,32.367191,汉,,木门薅秧歌,木门薅秧歌,薅秧歌,原生态,,,,B,title: 广元旺苍 四川非遗木门薅秧歌,,traditional,,0.0,True,,1189,4
BV1U441177v2,2,bilibili,https://www.bilibili.com/video/BV1U441177v2,原生态！贵州土家族山歌《这山没得那山高》歌手：黄旭,frankleee,bilibili:85682956,20190518.0,194.405,西南高原,Southwest Plateau,SWP,Han,贵州,铜仁 沿河,county,108.33803,28.619745,土家,,这山没得那山高,这山没得那山高,山歌,民族唱法,,S7f243c58,,A2,description: [singer] 出生于贵州省沿河土家族自治县 (trained 民族唱法),,check,,0.0,True,,1190,4
BV1kSPTe4Etc,2,bilibili,https://www.bilibili.com/video/BV1kSPTe4Etc,东北二人转，贵州花灯戏。在贵州有名的“花灯之乡”许家坝，看省级非遗文化花灯戏传承人，展示源自唐朝的跳花灯技艺。,村TV,bilibili:3546781396765372,20250222.0,107.288,西南高原,Southwest Plateau,SWP,Han,贵州,铜仁 思南 许家坝,county,108.143482,27.844119,汉/土家,,思南花灯,思南花灯,花灯,原生态,,Saedc778f,省级: 思南花灯戏 (per description),A2,"村TV: 花灯之乡许家坝, 省级非遗花灯戏传承人 [singer]",,traditional,,0.0,True,,1191,0
BV1C541137Bs,2,bilibili,https://www.bilibili.com/video/BV1C541137Bs,云南山歌博物馆【过山调】云南 滇西山歌,本山的文化馆,bilibili:241361310,20210515.0,297.329,西南高原,Southwest Plateau,SWP,Han,云南,大理/临沧 (滇西),county,100.210651,25.742713,汉,,过山调,过山调,山歌,原生态,,,,C,title/description: 滇西山歌 (local disc),,traditional,,0.0,True,,1142,3
BV1jJ411x7tY,2,bilibili,https://www.bilibili.com/video/BV1jJ411x7tY,《劳动号子》-自贡盐场号子传承人罗立章、程金声惊艳亮相，为盐工号子“带盐”,广东卫视,bilibili:75871361,20191224.0,157.202,西南高原,Southwest Plateau,SWP,Han,四川,自贡,prefecture,104.685446,29.28421,汉,,自贡盐场号子,自贡盐场号子#BV1jJ411x7tY,号子,原生态,,S73a06790,（title: 自贡盐场号子传承人）,A2,title: 自贡盐场号子传承人[singer]、[singer] (广东卫视《劳动号子》),,traditional,,0.6875,True,,622,4
BV16pULBYEB7,2,bilibili,https://www.bilibili.com/video/BV16pULBYEB7,四川南坪民歌《十二花将》｜白树保｜如此质朴，如此动人,葛覃曦,bilibili:22749722,20251121.0,192.261,西南高原,Southwest Plateau,SWP,Han,四川,阿坝 九寨沟(南坪),county,103.926618,33.311923,汉,,十二花将,十二花将,南坪曲子,原生态,,S068644d7,,A2,description: 南坪曲子 (九寨沟县) 老师 [singer],,traditional,,0.0,True,,1194,0
BV15p411o7Nn,2,bilibili,https://www.bilibili.com/video/BV15p411o7Nn,建水小调—月上东门楼,非甜亦真,bilibili:11143402,20180521.0,139.797,西南高原,Southwest Plateau,SWP,Han,云南,红河 建水,county,102.883021,23.677184,汉,,月上东门楼,月上东门楼,建水小调,原生态,,,,C,title: 建水小调,,traditional,,0.0,True,,1195,3
BV1VK8sznEHT,2,bilibili,https://www.bilibili.com/video/BV1VK8sznEHT,重庆山歌《对歌》教唱：喻良华（重庆山歌传承人）,长安音乐影视工作坊,bilibili:456839907,20250726.0,72.066,西南高原,Southwest Plateau,SWP,Han,重庆,巴南 木洞,prefecture,106.751731,29.371851,汉,,对歌（木洞山歌）,对歌#BV1VK8sznEHT,山歌,原生态,喻良华,S9fa337ee,国家级: 木洞山歌,A1,"https://www.ihchina.cn/art/representative.html?keywords=喻良华 (id 963, 重庆市巴南区)",,traditional,,0.1428571428571428,True,,1115,4
BV1Fq4y1f72k,2,bilibili,https://www.bilibili.com/video/BV1Fq4y1f72k,木洞山歌-杨明东，秦萩玥,bili_37420687810,bilibili:1539318439,20210909.0,81.965,西南高原,Southwest Plateau,SWP,Han,重庆,巴南 木洞,prefecture,106.751731,29.371851,汉,,木洞山歌,木洞山歌#BV1Fq4y1f72k,山歌,原生态,,S60c5b0ae,,A2,[singer] = 木洞山歌传承人 (第1眼新闻 BV19v411a7Qr title),,traditional,,0.0,True,,1197,1
BV1nv411w7Zk,2,bilibili,https://www.bilibili.com/video/BV1nv411w7Zk,木洞山歌《禾籁之声》,bili_37420687810,bilibili:1539318439,20210909.0,147.701,西南高原,Southwest Plateau,SWP,Han,重庆,巴南 木洞,prefecture,106.751731,29.371851,汉,,禾籁之声,禾籁之声,山歌,原生态,,,,C,title: 木洞山歌,,check,,0.0,True,,1197,1
BV1aU4y1c7ag,2,bilibili,https://www.bilibili.com/video/BV1aU4y1c7ag,木洞山歌表演唱《唱山歌》,馆哥Vlog,bilibili:632220202,20210929.0,535.765,西南高原,Southwest Plateau,SWP,Han,重庆,巴南,prefecture,106.751731,29.371851,汉,,唱山歌（木洞山歌表演唱）,唱山歌#BV1aU4y1c7ag,山歌,原生态,,S21596411,,B,channel 馆哥Vlog = [singer] (慕课 series),,check,,0.0,True,,1199,2
BV1ySVozpELS,2,bilibili,https://www.bilibili.com/video/BV1ySVozpELS,宣威山歌毛家超,云南山歌电视剧,bilibili:1984780919,20250510.0,60.0,西南高原,Southwest Plateau,SWP,Han,云南,曲靖 宣威,county,104.145497,26.269802,汉,,宣威山歌,宣威山歌#BV1ySVozpELS,云南山歌,原生态,,S34a3c145,,A2,title: 宣威山歌 [singer],,traditional,,0.0,True,,1200,4
BV1cq4y117iP,2,bilibili,https://www.bilibili.com/video/BV1cq4y117iP,【云南山歌】山歌映过九层坡 李顺洪-黄敬飞,以言顶朕,bilibili:100482689,20220116.0,591.76,西南高原,Southwest Plateau,SWP,Han,云南,,province,101.485106,25.008643,汉,,山歌映过九层坡,山歌映过九层坡,云南山歌,原生态,,Sdb28271e,,C,title only (commercial 云南山歌 disc),,traditional,,0.0,True,,1201,1
BV1Tq4y1f77S,2,bilibili,https://www.bilibili.com/video/BV1Tq4y1f77S,年纪小的保证没听过！原来重庆还有这种山歌,第1眼新闻,bilibili:1390829728,20210910.0,559.253,西南高原,Southwest Plateau,SWP,Han,重庆,黔江—酉阳,prefecture,108.708597,29.435532,汉/土家,,盐客调,盐客调,山歌,原生态,,,,B,第1眼新闻 (Chongqing TV): 背盐客 盐客调 黔江到酉阳,,traditional,,0.2608695652173913,True,,1202,3
BV1cc411V7F5,2,bilibili,https://www.bilibili.com/video/BV1cc411V7F5,四川民歌《打夯歌》,音乐送达者,bilibili:1857941586,20230601.0,104.349,西南高原,Southwest Plateau,SWP,Han,四川,,province,102.693453,30.674545,汉,,打夯歌,打夯歌,号子,原生态,,,,C,title only,,traditional,,0.0,True,,1203,1
AcwiJmaKTEg,2,youtube,https://www.youtube.com/watch?v=AcwiJmaKTEg,一首貴州農村情歌，郎在對門把水挑，越聽越好聽【貴州李俊】,Guizhou Li Jun,youtube:UCIpR_GNxBBpJ9AjqAUVNYAw,20181228.0,242.0,西南高原,Southwest Plateau,SWP,Han,贵州,,province,106.880455,26.826368,汉,,郎在对门把水挑,郎在对门把水挑,山歌,原生态,,Sbd3940c3,,C,channel [singer] (rural Guizhou singer); no county,,check,,0.0,True,,1204,0
BV1vv421i7Ln,2,bilibili,https://www.bilibili.com/video/BV1vv421i7Ln,《巫咸技忆》——巫溪五句子山歌,账号已注销,bilibili:3493265630300388,20240205.0,84.863,西南高原,Southwest Plateau,SWP,Han,重庆,巫溪,prefecture,109.35337,31.503107,汉,,巫溪五句子山歌,巫溪五句子山歌,山歌,原生态,,,,B,title: 巫咸技忆 巫溪五句子山歌,,traditional,,0.0,True,,1205,0
BV13g411z7qb,2,bilibili,https://www.bilibili.com/video/BV13g411z7qb,屯堡人山歌,闲游细耍,bilibili:387186347,20221108.0,50.944,西南高原,Southwest Plateau,SWP,Han,贵州,安顺 屯堡,prefecture,105.952866,25.993386,汉,屯堡,屯堡人山歌,屯堡人山歌#BV13g411z7qb,山歌,原生态,,,,C,title only,,traditional,,0.4,True,,1206,0
BV12vhW6sEgc,2,bilibili,https://www.bilibili.com/video/BV12vhW6sEgc,省级非遗屯堡山歌《天大地大父母大》,山歌村来美,bilibili:3706973723823051,20260929.0,125.397,西南高原,Southwest Plateau,SWP,Han,贵州,安顺 屯堡,prefecture,105.952866,25.993386,汉,屯堡,天大地大父母大,天大地大父母大,山歌,原生态,,,,C,title: 省级非遗屯堡山歌,,traditional,,0.0,True,,1128,1
BV1SthW6FEDG,2,bilibili,https://www.bilibili.com/video/BV1SthW6FEDG,省级非遗屯堡山歌《相爱不怕隔千里》,山歌村来美,bilibili:3706973723823051,20260930.0,107.667,西南高原,Southwest Plateau,SWP,Han,贵州,安顺 屯堡,prefecture,105.952866,25.993386,汉,屯堡,相爱不怕隔千里,相爱不怕隔千里,山歌,原生态,,,,C,title: 省级非遗屯堡山歌,,traditional,,0.0,True,,1128,1
BV1AqXrB9EgR,2,bilibili,https://www.bilibili.com/video/BV1AqXrB9EgR,屯堡文化传承-安顺唱书,胡勇-屯堡唱书,bilibili:3706960817949143,20260331.0,457.666,西南高原,Southwest Plateau,SWP,Han,贵州,安顺,prefecture,105.952866,25.993386,汉,屯堡,安顺唱书,安顺唱书,唱书,原生态,,Scc266afc,,B,channel [singer]-屯堡唱书; title 屯堡文化传承-安顺唱书,,traditional,,0.6739130434782609,False,speech,1209,1
BV1T5kwYhECy,2,bilibili,https://www.bilibili.com/video/BV1T5kwYhECy,【百部川扬】乡村里的非遗——西岭山歌,账号已注销,bilibili:524277165,20241218.0,90.093,西南高原,Southwest Plateau,SWP,Han,四川,成都 大邑 西岭,county,103.364446,30.61507,汉,,西岭山歌,西岭山歌#BV1T5kwYhECy,山歌,原生态,,,,B,title: 【百部川扬】乡村里的非遗——西岭山歌,,traditional,,0.0,True,,1210,3
BV1vYDDB8EnR,2,bilibili,https://www.bilibili.com/video/BV1vYDDB8EnR,《山魂传响》西岭山歌纪实短片,山魂传响_西岭山歌,bilibili:3706969540004331,20260412.0,153.089,西南高原,Southwest Plateau,SWP,Han,四川,成都 大邑 西岭,county,103.364446,30.61507,汉,,西岭山歌,西岭山歌#BV1vYDDB8EnR,山歌,原生态,,,,B,channel 山魂传响_西岭山歌 纪实短片,,traditional,,0.0666666666666666,True,,1211,1
BV1LLpuePEPo,2,bilibili,https://www.bilibili.com/video/BV1LLpuePEPo,[建水小调]岀门调MV,YJXX0001,bilibili:672522490,20240905.0,157.802,西南高原,Southwest Plateau,SWP,Han,云南,红河 建水,county,102.883021,23.677184,汉,,出门调,出门调,建水小调,原生态,,,,C,title: 建水小调 MV,,check,,0.0,True,,1212,4
BV1HB4y127Sj,2,bilibili,https://www.bilibili.com/video/BV1HB4y127Sj,川江号子大家唱~乐一乐！（领唱曹光裕）,89736842594_bili,bilibili:429142519,20220505.0,108.993,西南高原,Southwest Plateau,SWP,Han,重庆,川江,province,107.8839,30.067297,汉,,川江号子（曹光裕领唱）,川江号子#BV1HB4y127Sj,号子,原生态,曹光裕,S7681e68a,国家级: 川江号子,A1,"https://www.ihchina.cn/art/representative.html?keywords=曹光裕 (id 1083, 重庆市)",,traditional,,0.5454545454545454,True,,1213,2
BV1Ta4y1x78b,2,bilibili,https://www.bilibili.com/video/BV1Ta4y1x78b,《船到码头把金酱酒喝》演唱/曹光裕团队,bili_85462765430,bilibili:626770515,20201122.0,306.773,西南高原,Southwest Plateau,SWP,Han,重庆,川江,province,107.8839,30.067297,汉,,船到码头把酒喝,船到码头把酒喝,号子,原生态,,Sd1a9e11f,国家级: 川江号子 (曹光裕),A2,"https://www.ihchina.cn/art/representative.html?keywords=曹光裕 (id 1083, 重庆市)",,check,,0.0967741935483871,True,,1214,4
BV1WK411f7ZP,2,bilibili,https://www.bilibili.com/video/BV1WK411f7ZP,【非遗 啰儿调】寻音·石柱 Time Polishes Luoer Melody,下下liri,bilibili:453124230,20220909.0,340.607,西南高原,Southwest Plateau,SWP,Han,重庆,石柱,prefecture,108.298494,30.093676,土家/汉,,石柱啰儿调（寻音）,石柱啰儿调,啰儿调,原生态,,,,B,title: 寻音·石柱 (on-site feature in 石柱),,traditional,,0.4705882352941176,False,speech,1215,1
aHmPfSDSgNk,2,youtube,https://www.youtube.com/watch?v=aHmPfSDSgNk,Sichuan folk music 78rpm Side A,William Gibson,youtube:UCvKU0t20wlfRGWckjGIOY2Q,20131008.0,183.0,西南高原,Southwest Plateau,SWP,Han,四川,,province,102.693453,30.674545,汉,,Sichuan folk music (78rpm side A),sichuanfolkmusic,民歌,other,,,,C,title only; historical 78rpm disc,,check,,0.0,True,,1216,3
BV1CYat6KEDn,2,bilibili,https://www.bilibili.com/video/BV1CYat6KEDn,对门黄草坡,不器76,bilibili:1475182049,20260927.0,313.637,西南高原,Southwest Plateau,SWP,Han,四川,川北,province,102.693453,30.674545,汉,,对门黄草坡,对门黄草坡,山歌,原生态,,,,C,uploader also posts 川北民间山歌; title only,,traditional,,0.0,True,,1217,1
