item_id,round,platform,url,title,channel,channel_key,upload_date,duration_s,region,region_en,region_code,region_type,province,county_or_area,geo_level,lon,lat,ethnic_group,ethnic_subgroup,song_name,song_key,genre,performance_type,singer,singer_id,singer_inheritor,provenance_tier,provenance_evidence,dating_flag,label_status,speech_share,core,core_exclusion,group_id,fold
Jjbk3CK0RBM,1,youtube,https://www.youtube.com/watch?v=Jjbk3CK0RBM,"悠远、高亢的古老山歌从远处飘来，香格里拉山歌Shangri-La folk song: distant, high-pitched singing comes from afar",康巴汉子,youtube:UCfaC-5wKscW012TWPIngyGw,20230110.0,69.0,藏族民歌区,Tibetan,TIB,minority,云南,迪庆香格里拉,county,99.822449,27.902251,藏,,香格里拉山歌,香格里拉山歌#Jjbk3CK0RBM,山歌（鲁）,field,,,,B,title: open-air mountain song in Shangri-La heard from afar; singers unnamed,traditional,,0.1428571428571428,True,,9,2
ZsnaEybzIK4,1,youtube,https://www.youtube.com/watch?v=ZsnaEybzIK4,Chinese Tibetan Ethinicity Folk Song - Auspicious Mountain Song  藏族民歌 《吉祥山歌 . 扎西拉鲁》 中国音乐地图 听见西藏 瑞鸣音乐,Musical Map of China 中国音乐地图.瑞鸣音乐 Rhymoi Music,youtube:UCN19zbpNCX9lrbKreffuSAQ,20211109.0,77.0,藏族民歌区,Tibetan,TIB,minority,西藏,昌都芒康,county,98.61533,29.614572,藏,,扎西拉鲁（吉祥山歌）,扎西拉鲁,山歌（鲁）,原生态,,S0213,,C,description: Rhymoi studio series; 地区 芒康 stated,traditional,,0.0,True,,0,0
-vQEx3cpsI0,1,youtube,https://www.youtube.com/watch?v=-vQEx3cpsI0,Chinese Tibetan Ethinicity Folk Song - Sheep Farming Mountain Song 藏族民歌 《放羊山歌 . 鲁孜鲁》 中国音乐地图 听见西藏,Musical Map of China 中国音乐地图.瑞鸣音乐 Rhymoi Music,youtube:UCN19zbpNCX9lrbKreffuSAQ,20211110.0,79.0,藏族民歌区,Tibetan,TIB,minority,西藏,昌都芒康,county,98.61533,29.614572,藏,,鲁孜鲁（放羊山歌）,鲁孜鲁,山歌（鲁）,原生态,,S0213,,C,description: Rhymoi studio series; 地区 芒康 stated,traditional,,0.0,True,,0,0
0ScZE0eqQ4s,1,youtube,https://www.youtube.com/watch?v=0ScZE0eqQ4s,Chinese Tibetan Ethinicity Folk Song - The Most Beautiful Hometown  藏族民歌 《最美的家乡 . 亚吉查姆》 中国音乐地图 听见西藏,Musical Map of China 中国音乐地图.瑞鸣音乐 Rhymoi Music,youtube:UCN19zbpNCX9lrbKreffuSAQ,20211226.0,191.0,藏族民歌区,Tibetan,TIB,minority,西藏,拉萨/日喀则,prefecture,86.477854,29.498529,藏,,亚吉查姆（最美的家乡）,亚吉查姆,藏族民歌,原生态,,S0346,,C,"description: Rhymoi studio series; 堆谐, 地区 拉萨/日喀则",traditional,,0.0,True,,0,0
jUZEBYXkK-c,1,youtube,https://www.youtube.com/watch?v=jUZEBYXkK-c,Chinese Tibetan Ethinicity Folk Song - Great Horse  藏族民歌 《骏马 . 达朵瓦》 中国音乐地图 听见西藏 瑞鸣音乐 Rhymoi,Musical Map of China 中国音乐地图.瑞鸣音乐 Rhymoi Music,youtube:UCN19zbpNCX9lrbKreffuSAQ,20211110.0,170.0,藏族民歌区,Tibetan,TIB,minority,青海,,province,96.043533,35.726403,藏,,达朵瓦（骏马）,达朵瓦,藏族民歌,原生态,,,,C,description: Rhymoi studio series; 地区 青海 only,traditional,,0.0,True,,0,0
Q9MAzgqHrhY,1,youtube,https://www.youtube.com/watch?v=Q9MAzgqHrhY,Chinese Tibetan Ethinicity Folk Song - Black Yak  藏族民歌 《黑色牦牛 . 诺拉琼》 中国音乐地图 听见西藏 瑞鸣音乐 Rhymoi,Musical Map of China 中国音乐地图.瑞鸣音乐 Rhymoi Music,youtube:UCN19zbpNCX9lrbKreffuSAQ,20211110.0,149.0,藏族民歌区,Tibetan,TIB,minority,西藏,那曲,prefecture,89.24948,32.783399,藏,,诺拉琼（黑色牦牛）,诺拉琼,藏族民歌,原生态,,S0409,,C,description: Rhymoi studio series; 地区 那曲 (prefecture),traditional,,0.0,True,,0,0
rrzuEQwOWE0,1,youtube,https://www.youtube.com/watch?v=rrzuEQwOWE0,Chinese Tibetan Ethinicity Folk Song - The Moon Shines on the Mountains  藏族民歌 《月亮映照山岭 . 夏松夏》中国音乐地图,Musical Map of China 中国音乐地图.瑞鸣音乐 Rhymoi Music,youtube:UCN19zbpNCX9lrbKreffuSAQ,20211226.0,173.0,藏族民歌区,Tibetan,TIB,minority,西藏,日喀则/林芝,prefecture,86.477854,29.498529,藏,,夏松夏（月亮映照山岭）,夏松夏,藏族民歌,原生态,,S0346,,C,description: Rhymoi studio series; 堆谐,traditional,,0.0,True,,0,0
L0IC3ELtQIs,1,youtube,https://www.youtube.com/watch?v=L0IC3ELtQIs,Chinese Tibetan Ethinicity Folk Song -The Tibetan Antelope Is Running 藏族民歌  《藏羚羊在奔跑 . 蕞》 中国音乐地图 听见西藏,Musical Map of China 中国音乐地图.瑞鸣音乐 Rhymoi Music,youtube:UCN19zbpNCX9lrbKreffuSAQ,20211110.0,139.0,藏族民歌区,Tibetan,TIB,minority,西藏,那曲,prefecture,89.24948,32.783399,藏,,蕞（藏羚羊在奔跑）,蕞,藏族民歌,原生态,,S0409,,C,description: Rhymoi studio series; 地区 那曲,traditional,,0.0,True,,0,0
dpP2vB7SLxo,1,youtube,https://www.youtube.com/watch?v=dpP2vB7SLxo,Chinese Tibetan Ethinicity Folk Song - The Sun After Snow  藏族民歌 《雪后的太阳 . 阿古强巴》 中国音乐地图 听见西藏 瑞鸣音乐,Musical Map of China 中国音乐地图.瑞鸣音乐 Rhymoi Music,youtube:UCN19zbpNCX9lrbKreffuSAQ,20211110.0,211.0,藏族民歌区,Tibetan,TIB,minority,西藏,昌都芒康,county,98.61533,29.614572,藏,,阿古强巴（雪后的太阳）,阿古强巴,藏族民歌,原生态,,S0213,,C,description: Rhymoi studio series; 地区 芒康/巴塘/德钦,traditional,,0.0,True,,0,0
VTOm9Nef1hQ,1,youtube,https://www.youtube.com/watch?v=VTOm9Nef1hQ,Chinese Tibetan Ethinicity Folk Song - Climbing Mountain Bu  藏族民歌 《上部山 . 雄雅日》 中国音乐地图,Musical Map of China 中国音乐地图.瑞鸣音乐 Rhymoi Music,youtube:UCN19zbpNCX9lrbKreffuSAQ,20211110.0,160.0,藏族民歌区,Tibetan,TIB,minority,青海,青海/甘肃,province,103.823557,36.058039,藏,,雄雅日（上部山）,雄雅日,藏族民歌,原生态,,,,C,description: Rhymoi studio series; 地区 青海/甘肃,traditional,,0.0,True,,0,0
C6cln8f4WX8,1,youtube,https://www.youtube.com/watch?v=C6cln8f4WX8,Chinese Tibetan Ethinicity Folk Song - Jasper Valley - Mangkang Wine Song 藏族民歌 《碧玉一样的山谷 . 芒康酒歌》,Musical Map of China 中国音乐地图.瑞鸣音乐 Rhymoi Music,youtube:UCN19zbpNCX9lrbKreffuSAQ,20211110.0,139.0,藏族民歌区,Tibetan,TIB,minority,西藏,昌都芒康,county,98.61533,29.614572,藏,,芒康酒歌（碧玉一样的山谷）,芒康酒歌#C6cln8f4WX8,酒歌（羌谐）,原生态,,S0213,,C,description: Rhymoi studio series; 地区 芒康 stated,traditional,,0.0,True,,0,0
uSN27yyrkCI,1,youtube,https://www.youtube.com/watch?v=uSN27yyrkCI,Chinese Tibetan Ethinicity Folk Song - Misty Mountains - Ri Mu Ba Jian 藏族民歌 《云雾缭绕的山 . 日穆巴坚》 中国音乐地图,Musical Map of China 中国音乐地图.瑞鸣音乐 Rhymoi Music,youtube:UCN19zbpNCX9lrbKreffuSAQ,20211110.0,147.0,藏族民歌区,Tibetan,TIB,minority,西藏,那曲/当雄,county,90.883319,30.418793,藏,,日穆巴坚（云雾缭绕的山）,日穆巴坚,藏族民歌,原生态,,S0409,,C,description: Rhymoi studio series; 地区 那曲/当雄,traditional,,0.0,True,,0,0
2ydRrqbHOY8,1,youtube,https://www.youtube.com/watch?v=2ydRrqbHOY8,Chinese Tibetan Ethinicity Folk Song - High Mount Qomolangma  藏族民歌 《高高的珠峰 . 日吞布》中国音乐地图 听见西藏 瑞鸣音乐,Musical Map of China 中国音乐地图.瑞鸣音乐 Rhymoi Music,youtube:UCN19zbpNCX9lrbKreffuSAQ,20211226.0,233.0,藏族民歌区,Tibetan,TIB,minority,西藏,日喀则,prefecture,86.477854,29.498529,藏,,日吞布（高高的珠峰）,日吞布,藏族民歌,原生态,,S0284,,C,description: Rhymoi studio series; 地区 日喀则 (city),traditional,,0.0,True,,0,0
ZdkUw2z7sAA,1,youtube,https://www.youtube.com/watch?v=ZdkUw2z7sAA,Chinese Tibetan Ethinicity Folk Song - On the Top of the Snow Mountain  藏族民歌 《雪山顶上 . 岗堆吞布》中国音乐地图,Musical Map of China 中国音乐地图.瑞鸣音乐 Rhymoi Music,youtube:UCN19zbpNCX9lrbKreffuSAQ,20211226.0,145.0,藏族民歌区,Tibetan,TIB,minority,西藏,阿里,prefecture,82.564653,33.063726,藏,,岗堆吞布（雪山顶上）,岗堆吞布,藏族民歌,原生态,,S0345,,C,description: Rhymoi studio series; 地区 阿里 (prefecture),traditional,,0.0,True,,0,0
cq0qk9Wy0ns,1,youtube,https://www.youtube.com/watch?v=cq0qk9Wy0ns,Chinese Tibetan Ethnicity Folk song and dance - Flowers of Yangjin 藏族民间歌舞 堆谐《央金朵朵》中国音乐地图 听见西藏 瑞鸣音乐,Musical Map of China 中国音乐地图.瑞鸣音乐 Rhymoi Music,youtube:UCN19zbpNCX9lrbKreffuSAQ,20211225.0,244.0,藏族民歌区,Tibetan,TIB,minority,西藏,拉萨/日喀则,prefecture,86.477854,29.498529,藏,,央金朵朵,央金朵朵,堆谐,原生态,,S0153,,C,description: Rhymoi studio series; 堆谐,traditional,,0.0,True,,0,0
OR1XDKFKZIU,1,youtube,https://www.youtube.com/watch?v=OR1XDKFKZIU,Chinese Tibetan Ethnicity Folk song and dance - The Shaking Tree  藏族民间歌舞 《摇动的树 . 舒假啦》中国音乐地图 听见西藏,Musical Map of China 中国音乐地图.瑞鸣音乐 Rhymoi Music,youtube:UCN19zbpNCX9lrbKreffuSAQ,20211225.0,110.0,藏族民歌区,Tibetan,TIB,minority,西藏,拉萨/日喀则,prefecture,86.477854,29.498529,藏,,舒假啦（摇动的树）,舒假啦,民间歌舞（谐）,原生态,,S0159,,C,description: Rhymoi studio series; 堆谐,traditional,,0.0,True,,0,0
RdaRiSswSao,1,youtube,https://www.youtube.com/watch?v=RdaRiSswSao,Chinese Tibetan Ethnicity Folk song and dance - Handsome Young Guy 藏族民间歌舞 《英俊的少年 . 觉啦斯琼》中国音乐地图 听见西藏,Musical Map of China 中国音乐地图.瑞鸣音乐 Rhymoi Music,youtube:UCN19zbpNCX9lrbKreffuSAQ,20211225.0,274.0,藏族民歌区,Tibetan,TIB,minority,西藏,拉萨/日喀则,prefecture,86.477854,29.498529,藏,,觉啦斯琼（英俊的少年）,觉啦斯琼,民间歌舞（谐）,原生态,,S0154,,C,description: Rhymoi studio series; 堆谐,traditional,,0.0,True,,0,0
gxzupBxUj5Y,1,youtube,https://www.youtube.com/watch?v=gxzupBxUj5Y,Chinese Tibetan Ethnicity Folk song and dance - Under the Daylight Mountain 藏族民间歌舞 《白日山下 . 觉拉扎西》,Musical Map of China 中国音乐地图.瑞鸣音乐 Rhymoi Music,youtube:UCN19zbpNCX9lrbKreffuSAQ,20211225.0,284.0,藏族民歌区,Tibetan,TIB,minority,西藏,拉萨/日喀则,prefecture,86.477854,29.498529,藏,,觉拉扎西（白日山下）,觉拉扎西,民间歌舞（谐）,原生态,,S0159,,C,description: Rhymoi studio series; 堆谐,traditional,,0.0,True,,0,0
F9kqLzE2D-o,1,youtube,https://www.youtube.com/watch?v=F9kqLzE2D-o,Chinese Tibetan Ethnicity Folk song and dance - Satin on a red hat  藏族民间歌舞 《红色毡帽上的花缎 . 吾夏甲庆玛布》中国音乐地图,Musical Map of China 中国音乐地图.瑞鸣音乐 Rhymoi Music,youtube:UCN19zbpNCX9lrbKreffuSAQ,20211225.0,115.0,藏族民歌区,Tibetan,TIB,minority,西藏,拉萨/日喀则,prefecture,86.477854,29.498529,藏,,吾夏甲庆玛布（红色毡帽上的花缎）,吾夏甲庆玛布,民间歌舞（谐）,原生态,,S0159,,C,description: Rhymoi studio series; 堆谐/囊玛,traditional,,0.0,True,,0,0
2hpoFDj7tjE,1,youtube,https://www.youtube.com/watch?v=2hpoFDj7tjE,Chinese Tibetan Ethnicity Folk song and dance - The Man Who Went Far  藏族民间歌舞 《远行的人 . 卓姆仁钦岗》中国音乐地图,Musical Map of China 中国音乐地图.瑞鸣音乐 Rhymoi Music,youtube:UCN19zbpNCX9lrbKreffuSAQ,20211225.0,181.0,藏族民歌区,Tibetan,TIB,minority,西藏,拉萨/日喀则,prefecture,86.477854,29.498529,藏,,卓姆仁钦岗（远行的人）,卓姆仁钦岗,民间歌舞（谐）,原生态,,S0159,,C,description: Rhymoi studio series; 堆谐,traditional,,0.0,True,,0,0
-h_UvfEjHN0,1,youtube,https://www.youtube.com/watch?v=-h_UvfEjHN0,Chinese Tibetan Ethnicity Folk Music - On the top of the East Hill 藏族民间音乐 囊玛《东山顶上.吉白尼玛》中国音乐地图 听见西藏,Musical Map of China 中国音乐地图.瑞鸣音乐 Rhymoi Music,youtube:UCN19zbpNCX9lrbKreffuSAQ,20211229.0,212.0,藏族民歌区,Tibetan,TIB,minority,西藏,拉萨,prefecture,91.091762,30.037072,藏,,吉白尼玛（东山顶上）,吉白尼玛,囊玛,原生态,,S0159,,C,"description: Rhymoi studio series; 囊玛, 地区 拉萨",traditional,,0.0,True,,0,0
RGSfVDILpyQ,1,youtube,https://www.youtube.com/watch?v=RGSfVDILpyQ,Chinese Tibetan Ethnicity Folk Music - Auspicious Garden  藏族民间音乐 囊玛《吉祥百花园 . 扎拉西巴》中国音乐地图 听见西藏 Rhymoi,Musical Map of China 中国音乐地图.瑞鸣音乐 Rhymoi Music,youtube:UCN19zbpNCX9lrbKreffuSAQ,20211229.0,278.0,藏族民歌区,Tibetan,TIB,minority,西藏,拉萨,prefecture,91.091762,30.037072,藏,,扎拉西巴（吉祥百花园）,扎拉西巴,囊玛,原生态,,S0159,,C,"description: Rhymoi studio series; 囊玛, 地区 拉萨",traditional,,0.0,True,,0,0
WNH-d21FgX4,1,youtube,https://www.youtube.com/watch?v=WNH-d21FgX4,Chinese Tibetan Ethnicity Folk Song - Happy Cradle 藏族民歌 《幸福的摇篮 . 珠桑桑》中国音乐地图 听见四川 瑞鸣音乐 Rhymoi Music,Musical Map of China 中国音乐地图.瑞鸣音乐 Rhymoi Music,youtube:UCN19zbpNCX9lrbKreffuSAQ,20211226.0,190.0,藏族民歌区,Tibetan,TIB,minority,四川,阿坝,county,101.764537,32.879299,藏,,珠桑桑（幸福的摇篮）,珠桑桑,藏族民歌,原生态,,S0408,,C,description: Rhymoi studio series; 地区 阿坝 (prefecture),traditional,,0.0,True,,0,0
Td-C28CdRuo,1,youtube,https://www.youtube.com/watch?v=Td-C28CdRuo,Chinese Tibetan Ethnicity Folk Song - The Snow Mountain Top  藏族民歌 《雪宝山顶 . 夏旭冬日》中国音乐地图 听见四川 瑞鸣音乐,Musical Map of China 中国音乐地图.瑞鸣音乐 Rhymoi Music,youtube:UCN19zbpNCX9lrbKreffuSAQ,20211226.0,150.0,藏族民歌区,Tibetan,TIB,minority,四川,阿坝松潘,county,103.529039,32.616721,藏,,夏旭冬日（雪宝山顶）,夏旭冬日,藏族民歌,原生态,,,,C,description: Rhymoi studio series; 地区 松潘 stated,traditional,,0.0,True,,0,0
5XfZIS7rdfQ,1,youtube,https://www.youtube.com/watch?v=5XfZIS7rdfQ,Chinese Tibetan Ethnicity Folk Song - Listen to Our blessingsi 藏族民歌 《听我们的祝福 . 来迪荣泰》中国音乐地图 听见四川 瑞鸣,Musical Map of China 中国音乐地图.瑞鸣音乐 Rhymoi Music,youtube:UCN19zbpNCX9lrbKreffuSAQ,20211226.0,273.0,藏族民歌区,Tibetan,TIB,minority,四川,阿坝黑水,county,103.051268,32.161978,藏,,来迪荣泰（听我们的祝福）,来迪荣泰,藏族民歌,原生态,,S0444,,C,description: Rhymoi studio series; 黑水 polyphonic chorus,traditional,,0.0,True,,0,0
8-7TPhDd4GE,1,youtube,https://www.youtube.com/watch?v=8-7TPhDd4GE,Chinese Tibetan Ethnicity Folk Songs - Song of Happiness | 青海藏族民歌《幸福之歌》中国音乐地图  听见青海 瑞鸣音乐 Rhymoi,Musical Map of China 中国音乐地图.瑞鸣音乐 Rhymoi Music,youtube:UCN19zbpNCX9lrbKreffuSAQ,20240111.0,316.0,藏族民歌区,Tibetan,TIB,minority,青海,海南藏族自治州,province,109.754859,19.189767,藏,,幸福之歌,幸福之歌,藏族民歌,原生态,,S0212,,C,description: Rhymoi studio series; 地区 海南州 (prefecture),traditional,,0.0,True,,0,0
gJ3xt0bM4y8,1,youtube,https://www.youtube.com/watch?v=gJ3xt0bM4y8,Chinese Tibetan Ethnicity Folk Songs - My Sweetheart | 青海藏族民歌《心上的人》中国音乐地图  听见青海 瑞鸣音乐 Rhymoi,Musical Map of China 中国音乐地图.瑞鸣音乐 Rhymoi Music,youtube:UCN19zbpNCX9lrbKreffuSAQ,20240111.0,293.0,藏族民歌区,Tibetan,TIB,minority,青海,海北祁连,county,99.716996,38.312177,藏,,心上的人,心上的人,藏族民歌,原生态,,S0206,,C,description: Rhymoi studio series; 地区 祁连县 stated,traditional,,0.0,True,,0,0
-ymWYNEaQLM,1,youtube,https://www.youtube.com/watch?v=-ymWYNEaQLM,Chinese Tibetan Ethnicity Folk Songs - Horse Praising Song | 青海藏族民歌《赞马歌》中国音乐地图  听见青海 瑞鸣音乐 Rhymoi,Musical Map of China 中国音乐地图.瑞鸣音乐 Rhymoi Music,youtube:UCN19zbpNCX9lrbKreffuSAQ,20240111.0,145.0,藏族民歌区,Tibetan,TIB,minority,青海,海北祁连,county,99.716996,38.312177,藏,,赞马歌,赞马歌,赞歌,原生态,,S0206,,C,description: Rhymoi studio series; 地区 祁连县 stated,traditional,,0.0,True,,0,0
OaZEUUBuRD0,1,youtube,https://www.youtube.com/watch?v=OaZEUUBuRD0,Chinese Tibetan Ethnicity Folk Songs - Misty Hometown | 青海藏族民歌《云山雾罩的家乡》中国音乐地图  听见青海 瑞鸣音乐 Rhymoi,Musical Map of China 中国音乐地图.瑞鸣音乐 Rhymoi Music,youtube:UCN19zbpNCX9lrbKreffuSAQ,20240111.0,206.0,藏族民歌区,Tibetan,TIB,minority,青海,海南藏族自治州,province,109.754859,19.189767,藏,,云山雾罩的家乡,云山雾罩的家乡,藏族民歌,原生态,,S0212,,C,description: Rhymoi studio series; 地区 海南州,traditional,,0.0,True,,0,0
bC7UiyNa5nc,1,youtube,https://www.youtube.com/watch?v=bC7UiyNa5nc,Chinese Tibetan Ethnicity Folk Songs - Huarui Praise Song | 青海藏族民歌《华锐赞歌》中国音乐地图  听见青海 瑞鸣音乐 Rhymoi,Musical Map of China 中国音乐地图.瑞鸣音乐 Rhymoi Music,youtube:UCN19zbpNCX9lrbKreffuSAQ,20240111.0,251.0,藏族民歌区,Tibetan,TIB,minority,青海,华锐(天祝),province,96.043533,35.726403,藏,,华锐赞歌,华锐赞歌,赞歌,原生态,,S0128,,C,description: Rhymoi studio series; 地区 青海省 only,traditional,,0.0,True,,0,0
qne7wMTeZls,1,youtube,https://www.youtube.com/watch?v=qne7wMTeZls,Chinese Tibetan Ethnicity Folk Songs - Black Tents | 青海藏族民歌《黑帐篷》中国音乐地图  听见青海 瑞鸣音乐 Rhymoi Music,Musical Map of China 中国音乐地图.瑞鸣音乐 Rhymoi Music,youtube:UCN19zbpNCX9lrbKreffuSAQ,20240111.0,292.0,藏族民歌区,Tibetan,TIB,minority,青海,海南藏族自治州,province,109.754859,19.189767,藏,,黑帐篷,黑帐篷,牧歌,原生态,,S0212,,C,description: Rhymoi studio series; 地区 海南州,traditional,,0.0,True,,0,0
iiDdTjUzF_Y,1,youtube,https://www.youtube.com/watch?v=iiDdTjUzF_Y,Chinese Tibetan Ethnicity Folk Songs - Huarui Love Song | 青海藏族民歌《华锐部落情歌 华锐拉伊 》中国音乐地图  听见青海 瑞鸣音乐,Musical Map of China 中国音乐地图.瑞鸣音乐 Rhymoi Music,youtube:UCN19zbpNCX9lrbKreffuSAQ,20240111.0,232.0,藏族民歌区,Tibetan,TIB,minority,青海,华锐(天祝),province,96.043533,35.726403,藏,,华锐拉伊,华锐拉伊,拉伊（情歌）,原生态,,S0128,,C,description: Rhymoi studio series; 地区 青海省 only,traditional,,0.0,True,,0,0
SWK_lqyttXU,1,youtube,https://www.youtube.com/watch?v=SWK_lqyttXU,Chinese Tibetan Ethnicity Folk Songs - White Sheep Herd | 青海藏族民歌《洁白的羊群 然西娘荣》中国音乐地图  听见青海 瑞鸣音乐 Rhymoi,Musical Map of China 中国音乐地图.瑞鸣音乐 Rhymoi Music,youtube:UCN19zbpNCX9lrbKreffuSAQ,20240111.0,267.0,藏族民歌区,Tibetan,TIB,minority,青海,玉树,county,96.660011,32.914187,藏,,然西娘荣（洁白的羊群）,然西娘荣,牧歌,原生态,,,,C,description: Rhymoi studio series; 地区 玉树州 (prefecture),traditional,,0.0,True,,0,0
D4nsXCInLKg,1,youtube,https://www.youtube.com/watch?v=D4nsXCInLKg,Chinese Tibetan Ethnicity Folk Songs - Grassland of Hometown | 青海藏族民歌《家乡的草原》中国音乐地图  听见青海 瑞鸣音乐 Rhymoi,Musical Map of China 中国音乐地图.瑞鸣音乐 Rhymoi Music,youtube:UCN19zbpNCX9lrbKreffuSAQ,20240111.0,222.0,藏族民歌区,Tibetan,TIB,minority,青海,海北祁连,county,99.716996,38.312177,藏,,家乡的草原,家乡的草原,藏族民歌,原生态,,S0206,,C,description: Rhymoi studio series; 地区 祁连县 stated,traditional,,0.0,True,,0,0
_RjQZvMSOUU,1,youtube,https://www.youtube.com/watch?v=_RjQZvMSOUU,堆谐《夏仓郭仓》,我在西藏,youtube:UCqNUoNlzA2VhgomlamLXEpQ,20230420.0,126.0,藏族民歌区,Tibetan,TIB,minority,西藏,,province,88.388277,31.56375,藏,,夏仓郭仓,夏仓郭仓,堆谐,原生态,,,,C,title: 堆谐 only,traditional,,0.0,True,,519,3
9FrIKg83reI,1,youtube,https://www.youtube.com/watch?v=9FrIKg83reI,囊玛 阿玛勒火,措香 - Topic,youtube:UCiBYmxBeCcWV4Y1f8yU5pOg,20220628.0,218.0,藏族民歌区,Tibetan,TIB,minority,西藏,拉萨,prefecture,91.091762,30.037072,藏,,阿玛勒火,阿玛勒火,囊玛,民族唱法,,S0214,,C,title: 囊玛; album track,traditional,,0.0,True,,534,1
DJd_MZTDTs4,1,youtube,https://www.youtube.com/watch?v=DJd_MZTDTs4,陈丽君独唱音乐会 10、《可爱的布谷鸟》卓尼县藏族民歌“拉伊”#音乐会现场#藏族民歌#原生态, 咖啡,youtube:UCkdd8ShS-1S0Ioso7r3jcBQ,20250921.0,202.0,藏族民歌区,Tibetan,TIB,minority,甘肃,甘南卓尼,county,103.306318,34.453788,藏,,可爱的布谷鸟（卓尼拉伊）,可爱的布谷鸟,拉伊,民族唱法,,S0455,,C,title: 卓尼县拉伊 as repertoire; solo recital,traditional,,0.0,True,,549,1
JyBupEVYRBI,1,youtube,https://www.youtube.com/watch?v=JyBupEVYRBI,[中国民歌大会]藏族民歌《北京的金山上》 演唱：索朗达吉 扎西巴姆,CCTV中国中央电视台,youtube:UCcLK3j-XWdGBnt5bR9NJHaQ,20161005.0,66.0,藏族民歌区,Tibetan,TIB,minority,西藏,,province,88.388277,31.56375,藏,,北京的金山上,北京的金山上,藏族民歌（新词）,民族唱法,,S0358,,C,title: CCTV 民歌大会; 1960s new lyrics,composed,,0.0,False,composed,0,0
O-3nJURqHOQ,1,youtube,https://www.youtube.com/watch?v=O-3nJURqHOQ,康巴酒歌，Tibtean Wine Song,DQ W,youtube:UCnrZwBFDoinXdnLqkX0bfyw,20201227.0,158.0,藏族民歌区,Tibetan,TIB,minority,四川,甘孜,county,99.769377,32.052674,藏,,康巴酒歌,康巴酒歌#O-3nJURqHOQ,酒歌,other,,,,C,title: 康巴酒歌 only,check,,0.0,True,,579,3
AioJGv9xG5U,1,youtube,https://www.youtube.com/watch?v=AioJGv9xG5U,Beautiful Tibetan Singer singing Changshay from Tibet,Tibetan Evergreen Songs,youtube:UCSQsUb040eiVWgYQ2M4xgQQ,20250701.0,80.0,藏族民歌区,Tibetan,TIB,minority,西藏,,province,88.388277,31.56375,藏,,羌谐（Changshay 酒歌）,羌谐,酒歌（羌谐）,other,,,,C,title: Tibetan singer; channel hosts mostly modern/pop material,check,minor,0.0,True,,594,1
BV17o4y1L7zU,2,bilibili,https://www.bilibili.com/video/BV17o4y1L7zU,《川西藏族山歌》 表演：降巴其扎,哦咪呷,bilibili:23474048,20230426.0,89.172,藏族民歌区,Tibetan,TIB,minority,四川,甘孜 炉霍,county,100.66631,31.48305,藏,,川西藏族山歌,川西藏族山歌#BV17o4y1L7zU,山歌,原生态,降巴其扎,S0469,"国家级: 藏族民歌（川西藏族山歌）, 四川炉霍县",A1,"https://www.ihchina.cn/art/representative.html?keywords=降巴其扎 (id 1159: 藏族民歌（川西藏族山歌）, 四川省炉霍县); title names singer",traditional,,0.0,True,,1023,3
BV1mh411j72C,2,bilibili,https://www.bilibili.com/video/BV1mh411j72C,《川西藏族山歌》 表演：卓玛措降巴其扎,哦咪呷,bilibili:23474048,20230426.0,74.538,藏族民歌区,Tibetan,TIB,minority,四川,甘孜 炉霍,county,100.66631,31.48305,藏,,川西藏族山歌（卓玛措）,川西藏族山歌#BV1mh411j72C,山歌,原生态,卓玛措、降巴其扎,S0078,国家级: 藏族民歌（川西藏族山歌）(降巴其扎),A1,"https://www.ihchina.cn/art/representative.html?keywords=降巴其扎 (id 1159, 炉霍县)",traditional,,0.1428571428571428,True,,1023,3
BV1PM411G7hX,2,bilibili,https://www.bilibili.com/video/BV1PM411G7hX,传统民间舞蹈巴塘弦子舞《阿姐冲》 表演：巴塘县金弦子艺术团,哦咪呷,bilibili:23474048,20230426.0,153.386,藏族民歌区,Tibetan,TIB,minority,四川,甘孜 巴塘,county,99.769377,32.052674,藏,,阿姐冲,阿姐冲,弦子,原生态,,S0157,,B,"title: 表演 [singer] (county troupe), 巴塘弦子舞 is national ICH (弦子舞（巴塘弦子舞）)",traditional,,0.0,True,,1023,3
BV16m4y1y7oj,2,bilibili,https://www.bilibili.com/video/BV16m4y1y7oj,巴塘弦子舞《阿克祥巴》 表演：巴塘县金弦子艺术团,哦咪呷,bilibili:23474048,20230426.0,208.212,藏族民歌区,Tibetan,TIB,minority,四川,甘孜 巴塘,county,99.769377,32.052674,藏,,阿克祥巴,阿克祥巴,弦子,原生态,,S0157,,B,title: 表演 [singer],traditional,,0.0952380952380952,True,,1023,3
BV1gkkyBDEXw,2,bilibili,https://www.bilibili.com/video/BV1gkkyBDEXw,国家级非遗传承人达哇战斗引吭高歌 再现经典玉树民歌,阅青海,bilibili:34304637,20251111.0,79.783,藏族民歌区,Tibetan,TIB,minority,青海,玉树,county,96.660011,32.914187,藏,,玉树民歌,玉树民歌#BV1gkkyBDEXw,民歌,原生态,达哇战斗,S0428,国家级: 藏族民歌（玉树民歌）,A1,"https://www.ihchina.cn/art/representative.html?keywords=达哇战斗 (id 1013, 青海省玉树藏族自治州); 阅青海 (Qinghai media)",traditional,,0.0,True,,1027,4
BV1mf4y1L76B,2,bilibili,https://www.bilibili.com/video/BV1mf4y1L76B,【安多藏语】阿克班玛 - Aku Pema（华尔贡）,Jegvar,bilibili:10272827,20210712.0,186.261,藏族民歌区,Tibetan,TIB,minority,甘肃,甘南,prefecture,102.766903,34.325574,藏,,阿克班玛,阿克班玛,安多弹唱,原生态,华尔贡,S0075,国家级: 藏族民歌（甘南藏族民歌）,A1,"https://www.ihchina.cn/art/representative.html?keywords=华尔贡 (id 1012, 甘肃省甘南藏族自治州)",check,,0.0,True,,1028,3
BV1pN4y167JP,2,bilibili,https://www.bilibili.com/video/BV1pN4y167JP,【福之歌】华尔贡 久西草,暴暴牙Z,bilibili:1220197537,20231101.0,154.597,藏族民歌区,Tibetan,TIB,minority,甘肃,甘南,prefecture,102.766903,34.325574,藏,,福之歌,福之歌,安多弹唱,原生态,华尔贡、久西草,S0076,国家级: 藏族民歌（甘南藏族民歌）(华尔贡),A1,"https://www.ihchina.cn/art/representative.html?keywords=华尔贡 (id 1012); description: 词 华尔贡, 曲 民间",check,,0.0,True,,1029,2
BV1nyPszPERM,2,bilibili,https://www.bilibili.com/video/BV1nyPszPERM,ཡར་འགྲོ་སྐྱིད་ལ་འགྲོ།【年轻的朋友】共和县文化馆,暴暴牙Z,bilibili:1220197537,20260307.0,281.17,藏族民歌区,Tibetan,TIB,minority,青海,海南州 共和县,province,109.754859,19.189767,藏,,年轻的朋友（ཡར་འགྲོ་སྐྱིད་ལ་འགྲོ）,年轻的朋友,民歌,原生态,,S0051,,B,"description: 词曲 民间, 演唱 共和[singer] (county cultural centre)",traditional,,0.1071428571428571,True,,1029,2
BV1FwSRB5EMt,2,bilibili,https://www.bilibili.com/video/BV1FwSRB5EMt,ཁ་རག་རི།【卡热山】共和县文化馆,暴暴牙Z,bilibili:1220197537,20260405.0,219.869,藏族民歌区,Tibetan,TIB,minority,青海,海南州 共和县,province,109.754859,19.189767,藏,,卡热山,卡热山,民歌,原生态,,S0051,,B,title: 共和[singer],check,,0.0,True,,1029,2
BV12CTs6vELr,2,bilibili,https://www.bilibili.com/video/BV12CTs6vELr,巴塘弦子 阿吉冲,一个虫虫的旅行,bilibili:1440236121,20260703.0,340.219,藏族民歌区,Tibetan,TIB,minority,四川,甘孜 巴塘,county,99.769377,32.052674,藏,,阿吉冲,阿吉冲,弦子,原生态,,,,C,"title only: 巴塘弦子; traveller upload, apparently on-site",traditional,,0.0,True,,1032,1
BV1aVub6bEtQ,2,bilibili,https://www.bilibili.com/video/BV1aVub6bEtQ,巴塘弦子 安塘拉依,一个虫虫的旅行,bilibili:1440236121,20260807.0,400.939,藏族民歌区,Tibetan,TIB,minority,四川,甘孜 巴塘,county,99.769377,32.052674,藏,,安塘拉依,安塘拉依,弦子,原生态,,,,C,title only: 巴塘弦子,traditional,,0.0,True,,1032,1
BV1ydbH6LE5w,2,bilibili,https://www.bilibili.com/video/BV1ydbH6LE5w,巴塘弦子 江满喜雄,一个虫虫的旅行,bilibili:1440236121,20260906.0,244.715,藏族民歌区,Tibetan,TIB,minority,四川,甘孜 巴塘,county,99.769377,32.052674,藏,,江满喜雄,江满喜雄,弦子,原生态,,,,C,title only: 巴塘弦子,traditional,,0.0,True,,1032,1
BV1NY4y1f7TT,2,bilibili,https://www.bilibili.com/video/BV1NY4y1f7TT,藏族锅庄：阿东拉依，依瓦邛邛,一个虫虫的旅行,bilibili:1440236121,20230119.0,170.879,藏族民歌区,Tibetan,TIB,minority,四川,甘孜,county,99.769377,32.052674,藏,,阿东拉依（依瓦邛邛）,阿东拉依,锅庄,原生态,,,,C,title only: 藏族锅庄; same uploader as 巴塘 items,traditional,,0.0,True,,1032,1
BV17sDLYzECK,2,bilibili,https://www.bilibili.com/video/BV17sDLYzECK,原汁原味的巴塘弦子《阿克祥巴》,FreeStyle自由生活,bilibili:39891096,20241106.0,131.702,藏族民歌区,Tibetan,TIB,minority,四川,甘孜 巴塘,county,99.769377,32.052674,藏,,阿克祥巴,阿克祥巴,弦子,原生态,,,,C,"title: 原汁原味的巴塘弦子, on-site street recording",traditional,,0.0,True,,1036,4
BV1cAaRzQE1X,2,bilibili,https://www.bilibili.com/video/BV1cAaRzQE1X,看！听一曲萨玛酒歌，酌一杯门隅甘露！,西藏广播电视台,bilibili:3493286125767350,20250908.0,216.363,藏族民歌区,Tibetan,TIB,minority,西藏,山南 错那(门隅),county,92.894626,27.668694,门巴,,萨玛酒歌,萨玛酒歌#BV1cAaRzQE1X,酒歌,原生态,,,,B,西藏广播电视台 report on 门隅 萨玛酒歌,traditional,,0.0909090909090909,True,,1037,4
BV1mF411m7H7,2,bilibili,https://www.bilibili.com/video/BV1mF411m7H7,门巴敬酒歌,墨脱融媒,bilibili:292141220,20230926.0,269.351,藏族民歌区,Tibetan,TIB,minority,西藏,林芝 墨脱,county,95.003154,28.723177,门巴,,门巴敬酒歌,门巴敬酒歌#BV1mF411m7H7,酒歌,原生态,,,,B,墨脱融媒 = 墨脱 county media centre,traditional,,0.0,True,,1038,3
BV1x7421R7XS,2,bilibili,https://www.bilibili.com/video/BV1x7421R7XS,你能听得懂墨脱门巴族老调吗？,墨脱融媒,bilibili:292141220,20240604.0,39.844,藏族民歌区,Tibetan,TIB,minority,西藏,林芝 墨脱,county,95.003154,28.723177,门巴,,门巴老调,门巴老调,民歌,原生态,,,,B,"墨脱融媒 county media, 摄制 小贡桑",traditional,,0.0,True,,1038,3
BV1RW4y197Qj,2,bilibili,https://www.bilibili.com/video/BV1RW4y197Qj,藏族原生态歌舞【吉隆县宗嘎果谐】,旖藏绘,bilibili:491233753,20230531.0,109.643,藏族民歌区,Tibetan,TIB,minority,西藏,日喀则 吉隆县 宗嘎镇,county,85.299167,28.86175,藏,,宗嘎果谐,宗嘎果谐,果谐,原生态,,,,B,description: 日喀则市吉隆县宗嘎镇的原生态果谐,traditional,,0.0,True,,1040,2
BV1fM4y1L7av,2,bilibili,https://www.bilibili.com/video/BV1fM4y1L7av,石渠真达锅庄原汁原味,一鲤糌粑,bilibili:3493296879962813,20230704.0,395.391,藏族民歌区,Tibetan,TIB,minority,四川,甘孜 石渠 真达,county,99.769377,32.052674,藏,,石渠真达锅庄,石渠真达锅庄#BV1fM4y1L7av,锅庄,原生态,,,,B,title: 石渠真达锅庄 (township named),traditional,,0.0,True,,1041,4
BV14M4m1Q7oP,2,bilibili,https://www.bilibili.com/video/BV14M4m1Q7oP,金川锅庄之六《尼实更切》,bili_91483591312,bilibili:1875717856,20240406.0,215.805,藏族民歌区,Tibetan,TIB,minority,四川,阿坝 金川,county,101.80369,31.520161,藏,嘉绒,尼实更切,尼实更切,锅庄,原生态,,,,B,title: 金川锅庄之六,traditional,,0.0,True,,1042,4
BV1URARevEkY,2,bilibili,https://www.bilibili.com/video/BV1URARevEkY,金川县国家级非遗马奈锅庄,遇见金川,bilibili:3546833854925280,20250224.0,63.7,藏族民歌区,Tibetan,TIB,minority,四川,阿坝 金川 马奈,county,101.80369,31.520161,藏,嘉绒,马奈锅庄,马奈锅庄#BV1URARevEkY,锅庄,原生态,,,,B,遇见金川 (金川 county account): 金川县国家级非遗马奈锅庄,traditional,,0.5,True,,1043,2
BV1Ku4m1u7MU,2,bilibili,https://www.bilibili.com/video/BV1Ku4m1u7MU,金川梨花节开幕典礼上展演金川嘉绒歌曲锅庄《瓦普瓦鲁》演出团队：卓热查姆团队,嘉绒女王赵琼瑶,bilibili:486651579,20240320.0,143.684,藏族民歌区,Tibetan,TIB,minority,四川,阿坝 金川,county,101.80369,31.520161,藏,嘉绒,瓦普瓦鲁,瓦普瓦鲁,锅庄,原生态,,S0077,,B,"title: 金川梨花节 展演, 金川嘉绒歌曲锅庄, [singer]",traditional,,0.0,True,,1044,4
BV1MgrTYyEj7,2,bilibili,https://www.bilibili.com/video/BV1MgrTYyEj7,嘉绒藏族民间民歌《孔雀锅庄》#嘉绒藏族 视频来源丹巴巴底#民间民歌 这首歌是赞颂美好的爱情。#丹巴美人谷,墨尔约察瓦绒林卡,bilibili:3546386442226544,20250105.0,154.421,藏族民歌区,Tibetan,TIB,minority,四川,甘孜 丹巴 巴底,county,101.762082,30.944888,藏,嘉绒,孔雀锅庄,孔雀锅庄#BV1MgrTYyEj7,锅庄,原生态,,,,B,title: 视频来源丹巴巴底,traditional,,0.4,True,,1045,2
BV1XNuo6BEeF,2,bilibili,https://www.bilibili.com/video/BV1XNuo6BEeF,丹巴原生态嘉绒锅庄（三）,嘉绒藏族文化博物馆,bilibili:3546784309709690,20260810.0,564.221,藏族民歌区,Tibetan,TIB,minority,四川,甘孜 丹巴,county,101.762082,30.944888,藏,嘉绒,丹巴嘉绒锅庄（三）,丹巴嘉绒锅庄#BV1XNuo6BEeF,锅庄,原生态,,,,B,title: 丹巴原生态嘉绒锅庄,traditional,,0.1964285714285714,True,,1046,3
BV1oMp4z3Eu2,2,bilibili,https://www.bilibili.com/video/BV1oMp4z3Eu2,嘉绒藏族原生态锅庄《曾曾波来米朵》,嘉绒藏族文化博物馆,bilibili:3546784309709690,20250917.0,234.405,藏族民歌区,Tibetan,TIB,minority,四川,甘孜 丹巴,county,101.762082,30.944888,藏,嘉绒,曾曾波来米朵,曾曾波来米朵,锅庄,原生态,,,,C,title only: 嘉绒藏族原生态锅庄,traditional,,0.0,True,,1046,3
BV128411H737,2,bilibili,https://www.bilibili.com/video/BV128411H737,【嘉绒藏族民歌】阿拉姜色,根呷呷了一口茶,bilibili:406919043,20221226.0,113.544,藏族民歌区,Tibetan,TIB,minority,四川,嘉绒,province,102.693453,30.674545,藏,嘉绒,阿拉姜色,阿拉姜色,酒歌,原生态,,,,C,title only: 嘉绒藏族民歌,traditional,,0.0,True,,1048,2
BV1Vd4y1k7di,2,bilibili,https://www.bilibili.com/video/BV1Vd4y1k7di,【堆谐之乡】拉孜堆谐丨松孜玛啦,根呷呷了一口茶,bilibili:406919043,20221114.0,278.383,藏族民歌区,Tibetan,TIB,minority,西藏,日喀则 拉孜,county,87.851517,29.172171,藏,,松孜玛啦,松孜玛啦,堆谐,原生态,,,,C,title: 堆谐之乡 拉孜堆谐 (genre),traditional,,0.0,True,,1048,2
BV1wG4y187pi,2,bilibili,https://www.bilibili.com/video/BV1wG4y187pi,【藏族酒歌】萨迦酒歌,根呷呷了一口茶,bilibili:406919043,20221031.0,238.585,藏族民歌区,Tibetan,TIB,minority,西藏,日喀则 萨迦,county,88.342235,28.847156,藏,,萨迦酒歌,萨迦酒歌#BV1wG4y187pi,酒歌,原生态,,,,C,title only,traditional,,0.0,True,,1048,2
BV1pK411G7sp,2,bilibili,https://www.bilibili.com/video/BV1pK411G7sp,中国原生态民歌-白马藏族敬酒歌,陈立明导演,bilibili:703091173,20201101.0,128.895,藏族民歌区,Tibetan,TIB,minority,四川,绵阳 平武,county,104.397971,32.440984,藏,白马人,白马敬酒歌,白马敬酒歌#BV1pK411G7sp,酒歌,原生态,,,,B,description: 四川省绵阳市平武县白马藏族民间艺术家们唱,traditional,,0.0769230769230769,True,,0,0
BV1Du411U7iY,2,bilibili,https://www.bilibili.com/video/BV1Du411U7iY,白马藏族酒歌,不见眉眼带笑颜,bilibili:292024360,20220111.0,126.014,藏族民歌区,Tibetan,TIB,minority,四川/甘肃,白马人地区,province,102.693453,30.674545,藏,白马人,白马酒歌,白马酒歌#BV1Du411U7iY,酒歌,原生态,,,,C,title only,traditional,,0.6153846153846154,True,,1052,4
BV1nxPPejE7X,2,bilibili,https://www.bilibili.com/video/BV1nxPPejE7X,扎念弹唱之拉孜堆谐《夏龙查》,丽江若杰,bilibili:701595335,20250222.0,300.001,藏族民歌区,Tibetan,TIB,minority,西藏,日喀则 拉孜,county,87.851517,29.172171,藏,,夏龙查,夏龙查,堆谐,原生态,,,,C,title: 扎念弹唱之拉孜堆谐,traditional,,0.0,True,,1053,1
BV1ac411T7eh,2,bilibili,https://www.bilibili.com/video/BV1ac411T7eh,西藏日喀则民间传统歌舞：定日堆谐,丽江若杰,bilibili:701595335,20230504.0,347.509,藏族民歌区,Tibetan,TIB,minority,西藏,日喀则 定日,county,86.993064,28.47135,藏,,定日堆谐,定日堆谐,堆谐,原生态,,,,C,title: 西藏日喀则民间传统歌舞,traditional,,0.0,True,,1053,1
BV1io4y157Hu,2,bilibili,https://www.bilibili.com/video/BV1io4y157Hu,玉树州囊谦县原生态舞蹈《囊谦弦子》,丽江若杰,bilibili:701595335,20230421.0,249.087,藏族民歌区,Tibetan,TIB,minority,青海,玉树 囊谦,county,96.660011,32.914187,藏,,囊谦弦子,囊谦弦子,弦子,原生态,,,,B,title: 玉树州囊谦县原生态舞蹈,traditional,,0.0,True,,1053,1
BV1FcNQzGEkM,2,bilibili,https://www.bilibili.com/video/BV1FcNQzGEkM,国家级非遗：堆谐（拉孜堆谐）演出实拍,bili_77491469054,bilibili:1492973222,20250622.0,77.6,藏族民歌区,Tibetan,TIB,minority,西藏,日喀则 拉孜,county,87.851517,29.172171,藏,,拉孜堆谐,拉孜堆谐,堆谐,原生态,,,,C,title: 国家级非遗 堆谐（拉孜堆谐）演出实拍,traditional,,0.0,True,,1056,2
BV1PTYk65E3g,2,bilibili,https://www.bilibili.com/video/BV1PTYk65E3g,“群锅荟萃”之六十一《弦子旺堆》比如县雄塘村老锅庄 #锅庄,锅乂子,bilibili:55896302,20260914.0,151.267,藏族民歌区,Tibetan,TIB,minority,西藏,那曲 比如县 雄塘村,county,93.48801,31.4412,藏,,弦子旺堆,弦子旺堆,锅庄,原生态,,,,B,title: 比如县雄塘村老锅庄,traditional,,0.0,True,,1057,2
BV1UyxmeBE1p,2,bilibili,https://www.bilibili.com/video/BV1UyxmeBE1p,青海省玉树州囊谦县土风歌舞团，囊谦卓干玛锅庄舞。2024“舞动玉树”中国健身锅庄舞邀请大赛#玉树文旅#雅布摄影,雅布摄影,bilibili:502110355,20240930.0,404.676,藏族民歌区,Tibetan,TIB,minority,青海,玉树 囊谦,county,96.660011,32.914187,藏,,卓干玛,卓干玛,锅庄(卓),原生态,,S0118,,B,title: 青海省玉树州[singer] 囊谦卓干玛锅庄舞,traditional,,0.0,True,,1058,3
BV1pF411m7Rd,2,bilibili,https://www.bilibili.com/video/BV1pF411m7Rd,西藏阿里普兰传统央子敬酒歌新年酒歌阿里普兰传统歌舞民间娱乐过,火焰桂兰,bilibili:1455880335,20230927.0,53.033,藏族民歌区,Tibetan,TIB,minority,西藏,阿里 普兰,county,81.523891,30.632623,藏,,普兰敬酒歌,普兰敬酒歌#BV1pF411m7Rd,酒歌,原生态,,,,B,title: 西藏阿里普兰传统央子敬酒歌,traditional,,0.0,True,,1059,2
he6aw0qHHfI,2,youtube,https://www.youtube.com/watch?v=he6aw0qHHfI,Xunhua Song 1,TibetanMusicProject,youtube:UCNb0Oib06Tuy75csSCxFfhw,20071111.0,153.0,藏族民歌区,Tibetan,TIB,minority,青海,海东 循化,county,102.468435,35.717758,藏,,Xunhua Song 1,xunhuasong1,民歌,field,,,,B,TibetanMusicProject series of traditional songs; locality 循化 in title,traditional,,0.0,True,,1060,4
JKfzzivkqI4,2,youtube,https://www.youtube.com/watch?v=JKfzzivkqI4,Mamo Lu,TibetanMusicProject,youtube:UCNb0Oib06Tuy75csSCxFfhw,20061217.0,63.0,藏族民歌区,Tibetan,TIB,minority,青海,安多,province,96.043533,35.726403,藏,,Mamo Lu,mamolu,民歌,field,,,,C,TibetanMusicProject; title only,traditional,,0.0,True,,1060,4
5UAiRIvwAUQ,2,youtube,https://www.youtube.com/watch?v=5UAiRIvwAUQ,Yari Aso,TibetanMusicProject,youtube:UCNb0Oib06Tuy75csSCxFfhw,20070929.0,84.0,藏族民歌区,Tibetan,TIB,minority,青海,安多,province,96.043533,35.726403,藏,,Yari Aso,yariaso,民歌,field,,,,C,TibetanMusicProject; title only,traditional,,0.0,True,,1060,4
sK7YRmbOWXs,2,youtube,https://www.youtube.com/watch?v=sK7YRmbOWXs,'tdam gling gi nyi ma (The sun of the world),TibetanMusicProject,youtube:UCNb0Oib06Tuy75csSCxFfhw,20081023.0,133.0,藏族民歌区,Tibetan,TIB,minority,青海,安多,province,96.043533,35.726403,藏,,'dzam gling gi nyi ma,dzamglingginyima,民歌,field,,,,C,TibetanMusicProject; title only,traditional,,0.0,True,,1060,4
2ZmaYfJVN3o,2,youtube,https://www.youtube.com/watch?v=2ZmaYfJVN3o,"Field Recording in Himalaya, Shangri-La Folk Music",Shangri-La Folk Music,youtube:UCCeKFDfBQvX_SixNeSOMG9A,20140924.0,340.0,藏族民歌区,Tibetan,TIB,minority,云南,迪庆 香格里拉,county,99.822449,27.902251,藏,,Himalaya field recording,himalayafieldrecording,山歌,field,,,,B,channel Shangri-La Folk Music publishes 田园采风 field work in 香格里拉; title: Field Recording in Himalaya,traditional,,0.1470588235294117,True,,1064,1
GZiKdIB69Pg,2,youtube,https://www.youtube.com/watch?v=GZiKdIB69Pg,[Voice from the Tibetan Plateau] folk song,eyes of Tibet,youtube:UCUu5sWa27zb5ZUWiaPfaYnQ,20180606.0,153.0,藏族民歌区,Tibetan,TIB,minority,,藏区,none,,,藏,,Voice from the Tibetan Plateau (folk song),voicefromthetibetanplateau,民歌,原生态,,,,C,title only,check,,0.0,True,,1065,4
8qMAGJymy8A,2,youtube,https://www.youtube.com/watch?v=8qMAGJymy8A,【Voice from Tibetan Plateau】Tibetan folk song,eyes of Tibet,youtube:UCUu5sWa27zb5ZUWiaPfaYnQ,20170619.0,281.0,藏族民歌区,Tibetan,TIB,minority,,藏区,none,,,藏,,Voice from the Tibetan Plateau (folk song 2),voicefromthetibetanplateau,民歌,原生态,,,,C,title only,check,,0.0,True,,1065,4
X_l6_3XthCQ,2,youtube,https://www.youtube.com/watch?v=X_l6_3XthCQ,04 Kham Lu: A song to the Mountains (Tibet),RSJ Coman,youtube:UC0C38pPbNnAkqyWTfmcBIuA,20181211.0,225.0,藏族民歌区,Tibetan,TIB,minority,,康区,none,,,藏,,Kham Lu (song to the mountains),khamlu,山歌,原生态,,,,C,title only,check,,0.0,True,,1067,1
Ph5M_6Jo2nk,2,youtube,https://www.youtube.com/watch?v=Ph5M_6Jo2nk,Tibetan Folksong--dpal ldan.m4v,blacktentfilms,youtube:UCe7pYtyvH-L9jLBE4DMdLEQ,20110501.0,208.0,藏族民歌区,Tibetan,TIB,minority,,藏区,none,,,藏,,dpal ldan,dpalldan,民歌,原生态,,,,C,title only,check,,0.8095238095238095,True,,1068,4
WAtddkDUipA,2,youtube,https://www.youtube.com/watch?v=WAtddkDUipA,Tibetan Girls Singing while Patting Down Roof of Jokhang Temple,Chunyan White,youtube:UCvIsPnTS8yzSoCiTSfaJxtg,20110705.0,93.0,藏族民歌区,Tibetan,TIB,minority,西藏,拉萨 大昭寺,prefecture,91.091762,30.037072,藏,,打阿嘎,打阿嘎,劳动歌,field,,,,B,title: girls singing while patting down roof of Jokhang Temple (Lhasa),traditional,,0.5555555555555556,True,,1069,1
BV17K4y1Y7r7,2,bilibili,https://www.bilibili.com/video/BV17K4y1Y7r7,西藏传统工地上的舞蹈——打阿嘎“打阿嘎”是一种藏族屋顶或是屋内地面的修筑方法。工人们“打阿嘎”时所唱的歌词比较简单，大多以反映生活场景和赞美劳动为主。,我是柏拉图123,bilibili:281719005,20200810.0,78.389,藏族民歌区,Tibetan,TIB,minority,西藏,西藏,province,88.388277,31.56375,藏,,打阿嘎（工地）,打阿嘎,劳动歌,field,,,,C,title only,traditional,,0.0,True,,1070,3
BV1Rw411w7Ng,2,bilibili,https://www.bilibili.com/video/BV1Rw411w7Ng,藏族传统民歌第一期,Raymone叶喜,bilibili:1915171418,20231009.0,87.807,藏族民歌区,Tibetan,TIB,minority,,藏区,none,,,藏,,藏族传统民歌（第一期）,藏族传统民歌#BV1Rw411w7Ng,民歌,原生态,,,,C,title only,check,,0.0,True,,1071,3
